{
	"GENERAL": {
		"origin": "AnnotSV",
		"input_format": "annotsv",
		"output_format": "vcf",
		"skip_rows": 0,
		"comment": "",
		"unique_variant_id": [
			"AnnotSV_ID"
		],
		"keep_info": "true",
		"keep_empty_info": "false",
		"mode": "combined"
	},
	"GENOME": {
		"assembly": "hs1",
		"path": "/home1/data/genomes/T2T/hs1.fa",
		"vcf_header": [
			"##contig=<ID=chr1,length=248387328,assembly=hs1>",
			"##contig=<ID=chr2,length=242696752,assembly=hs1>",
			"##contig=<ID=chr3,length=201105948,assembly=hs1>",
			"##contig=<ID=chr4,length=193574945,assembly=hs1>",
			"##contig=<ID=chr5,length=182045439,assembly=hs1>",
			"##contig=<ID=chr6,length=172126628,assembly=hs1>",
			"##contig=<ID=chr7,length=160567428,assembly=hs1>",
			"##contig=<ID=chrX,length=154259566,assembly=hs1>",
			"##contig=<ID=chr9,length=150617247,assembly=hs1>",
			"##contig=<ID=chr8,length=146259331,assembly=hs1>",
			"##contig=<ID=chr11,length=135127769,assembly=hs1>",
			"##contig=<ID=chr10,length=134758134,assembly=hs1>",
			"##contig=<ID=chr12,length=133324548,assembly=hs1>",
			"##contig=<ID=chr13,length=113566686,assembly=hs1>",
			"##contig=<ID=chr14,length=101161492,assembly=hs1>",
			"##contig=<ID=chr15,length=99753195,assembly=hs1>",
			"##contig=<ID=chr16,length=96330374,assembly=hs1>",
			"##contig=<ID=chr17,length=84276897,assembly=hs1>",
			"##contig=<ID=chr18,length=80542538,assembly=hs1>",
			"##contig=<ID=chr20,length=66210255,assembly=hs1>",
			"##contig=<ID=chrY,length=62460029,assembly=hs1>",
			"##contig=<ID=chr19,length=61707364,assembly=hs1>",
			"##contig=<ID=chr22,length=51324926,assembly=hs1>",
			"##contig=<ID=chr21,length=45090682,assembly=hs1>",
			"##contig=<ID=chrM,length=16569,assembly=hs1>",
			"##reference=file:///home1/data/genomes/T2T/hs1.fa"
		]
	},
	"VCF_COLUMNS": {
		"#CHROM": "SV_chrom",
		"POS": "SV_start",
		"ID": "ID",
		"REF": "REF",
		"ALT": "ALT",
		"QUAL": "QUAL",
		"FILTER": "",
		"INFO": {
			"SVTYPE_ANNOTSV": "SV_TYPE",
			"INFO": [
				"HELPER_FUNCTION",
				"get_info_from_annotsv",
				"INFO"
			],
			"CNV.ID": "CNV.ID",
			"N.exons": "N.exons",
			"Start.b": "Start.b",
			"End.b": "End.b",
			"Genomic.ID": "Genomic.ID"
		},
		"FORMAT": {
			"GT": "",
			"RE": "Reads.expected",
			"RO": "Reads.observed",
			"RR": "Reads.ratio",
			"NC": "N.comp",
			"CO": "Correlation",
			"BF": "BF"
		},
		"SAMPLE": "Sample"
	},
	"COLUMNS_DESCRIPTION": {
		"ALT": {
			"DUP": "Duplication",
			"DEL": "Deletion"
		},
		"INFO": {
			"SVTYPE": {
				"Type": "String",
				"Number": "1",
				"Description": "Type of structural variant"
			},
			"SVLEN": {
				"Type": "Integer",
				"Number": "1",
				"Description": "Difference in length between REF and ALT alleles"
			},
			"END": {
				"Type": "Integer",
				"Number": "1",
				"Description": "Second breakpoint of the SV, for SVs given in a single record"
			},
			"CNV.ID": {
				"Type": "Integer",
				"Number": "1",
				"Description": "Decon's unique identifier of the CNV call. This ID is searchable in the GUI"
			},
			"N.exons": {
				"Type": "Integer",
				"Number": "1",
				"Description": "The number of exons encompassed by the call"
			},
			"Start.b": {
				"Type": "Integer",
				"Number": "1",
				"Description": "The number of the first exon in the call from the analyzed BED file"
			},
			"End.b": {
				"Type": "Integer",
				"Number": "1",
				"Description": "The number of the last exon in the call from the analyzed BED file"
			},
			"Genomic.ID": {
				"Type": "String",
				"Number": "1",
				"Description": "DECoN genomic identifier"
			},
			"Genes": {
				"Type": "String",
				"Number": ".",
				"Description": "The affected genes from the analyzed bed file (from DECoN)"
			}
		},
		"FORMAT": {
			"GT": {
				"Type": "String",
				"Number": "1",
				"Description": "Genotype"
			},
			"RE": {
				"Type": "Integer",
				"Number": "1",
				"Description": "Reads Expected: the number of expected reads under the probabilistic model"
			},
			"RO": {
				"Type": "Integer",
				"Number": "1",
				"Description": "Reads observed: the number of observed reads"
			},
			"RR": {
				"Type": "Float",
				"Number": "1",
				"Description": "Reads ratio: the ratio of observed to expected reads"
			},
			"NC": {
				"Type": "Integer",
				"Number": "1",
				"Description": "N.comp: the number of samples used as the reference set"
			},
			"CO": {
				"Type": "Float",
				"Number": "1",
				"Description": "Correlation: the maximum correlation between the test sample and any other sample in the full set of BAM files"
			},
			"BF": {
				"Type": "Float",
				"Number": "1",
				"Description": "The Bayes factor associated with the call, generated by DECoN"
			}
		}
	}
}