{
	"GENERAL": {
		"origin": "bedpe",
		"input_format": "bedpe",
		"output_format": "vcf",
		"skip_rows": 0,
		"comment": "",
		"unique_variant_id": [
			"chrom1",
			"end1",
			"chrom2",
			"end2"
		],
		"defaut_strand_1": "+",
		"defaut_strand_2": "+",
		"default_genotype": "0/1"
	},
	"GENOME": {
		"assembly": "hs1",
		"path": "/home1/data/genomes/T2T/hs1.fa",
		"vcf_header": [
			"##contig=<ID=chr1,length=248387328,assembly=hs1>",
			"##contig=<ID=chr2,length=242696752,assembly=hs1>",
			"##contig=<ID=chr3,length=201105948,assembly=hs1>",
			"##contig=<ID=chr4,length=193574945,assembly=hs1>",
			"##contig=<ID=chr5,length=182045439,assembly=hs1>",
			"##contig=<ID=chr6,length=172126628,assembly=hs1>",
			"##contig=<ID=chr7,length=160567428,assembly=hs1>",
			"##contig=<ID=chrX,length=154259566,assembly=hs1>",
			"##contig=<ID=chr9,length=150617247,assembly=hs1>",
			"##contig=<ID=chr8,length=146259331,assembly=hs1>",
			"##contig=<ID=chr11,length=135127769,assembly=hs1>",
			"##contig=<ID=chr10,length=134758134,assembly=hs1>",
			"##contig=<ID=chr12,length=133324548,assembly=hs1>",
			"##contig=<ID=chr13,length=113566686,assembly=hs1>",
			"##contig=<ID=chr14,length=101161492,assembly=hs1>",
			"##contig=<ID=chr15,length=99753195,assembly=hs1>",
			"##contig=<ID=chr16,length=96330374,assembly=hs1>",
			"##contig=<ID=chr17,length=84276897,assembly=hs1>",
			"##contig=<ID=chr18,length=80542538,assembly=hs1>",
			"##contig=<ID=chr20,length=66210255,assembly=hs1>",
			"##contig=<ID=chrY,length=62460029,assembly=hs1>",
			"##contig=<ID=chr19,length=61707364,assembly=hs1>",
			"##contig=<ID=chr22,length=51324926,assembly=hs1>",
			"##contig=<ID=chr21,length=45090682,assembly=hs1>",
			"##contig=<ID=chrM,length=16569,assembly=hs1>",
			"##reference=file:///home1/data/genomes/T2T/hs1.fa"
		]
	},
	"VCF_COLUMNS": {
		"#CHROM": [
			"HELPER_FUNCTION",
			"get_chr_from_bedpe",
			"chrom1",
			"chrom2"
		],
		"POS": [
			"HELPER_FUNCTION",
			"get_pos_from_bedpe",
			"end1",
			"end2"
		],
		"ID": "",
		"REF": [
			"HELPER_FUNCTION",
			"get_ref_from_bedpe",
			"chrom1",
			"end1",
			"chrom2",
			"end2"
		],
		"ALT": [
			"HELPER_FUNCTION",
			"get_alt_from_bedpe",
			"chrom1",
			"end1",
			"strand1",
			"chrom2",
			"end2",
			"strand2"
		],
		"QUAL": "",
		"FILTER": "",
		"INFO": {},
		"FORMAT": {
			"GT": ""
		},
		"SAMPLE": ""
	},
	"COLUMNS_DESCRIPTION": {
		"INFO": {
			"SVTYPE": {
				"Type": "String",
				"Number": "1",
				"Description": "Type of structural variant"
			}
		},
		"FORMAT": {
			"GT": {
				"Type": "String",
				"Number": "1",
				"Description": "Genotype"
			}
		}
	}
}