{
	"GENERAL": {
		"origin": "AnnotSV",
		"input_format": "annotsv",
		"output_format": "vcf",
		"skip_rows": 0,
		"comment": "",
		"unique_variant_id": [
			"AnnotSV_ID"
		],
		"mode": "combined",
		"keep_info": "true",
		"keep_empty_info": "false"
	},
	"GENOME": {
		"assembly": "hg19",
		"path": "/home1/DB/STARK/genomes/current/hg19.fa",
		"vcf_header": [
			"##contig=<ID=chr1,length=249250621,assembly=hg19>",
			"##contig=<ID=chr2,length=243199373,assembly=hg19>",
			"##contig=<ID=chr3,length=198022430,assembly=hg19>",
			"##contig=<ID=chr4,length=191154276,assembly=hg19>",
			"##contig=<ID=chr5,length=180915260,assembly=hg19>",
			"##contig=<ID=chr6,length=171115067,assembly=hg19>",
			"##contig=<ID=chr7,length=159138663,assembly=hg19>",
			"##contig=<ID=chr8,length=146364022,assembly=hg19>",
			"##contig=<ID=chr9,length=141213431,assembly=hg19>",
			"##contig=<ID=chr10,length=135534747,assembly=hg19>",
			"##contig=<ID=chr11,length=135006516,assembly=hg19>",
			"##contig=<ID=chr12,length=133851895,assembly=hg19>",
			"##contig=<ID=chr13,length=115169878,assembly=hg19>",
			"##contig=<ID=chr14,length=107349540,assembly=hg19>",
			"##contig=<ID=chr15,length=102531392,assembly=hg19>",
			"##contig=<ID=chr16,length=90354753,assembly=hg19>",
			"##contig=<ID=chr17,length=81195210,assembly=hg19>",
			"##contig=<ID=chr18,length=78077248,assembly=hg19>",
			"##contig=<ID=chr19,length=59128983,assembly=hg19>",
			"##contig=<ID=chr20,length=63025520,assembly=hg19>",
			"##contig=<ID=chr21,length=48129895,assembly=hg19>",
			"##contig=<ID=chr22,length=51304566,assembly=hg19>",
			"##contig=<ID=chrM,length=16571,assembly=hg19>",
			"##contig=<ID=chrX,length=155270560,assembly=hg19>",
			"##contig=<ID=chrY,length=59034049,assembly=hg19>",
			"##reference=file:///home1/DB/STARK/genomes/current/hg19.fa"
		]
	},
	"VCF_COLUMNS": {
		"#CHROM": "SV_chrom",
		"POS": [
			"HELPER_FUNCTION",
			"get_pos_annotsv",
			"SV_start",
			"Tx_start",
			"Annotation_mode"
		],
		"ID": "ID",
		"REF": [
			"HELPER_FUNCTION",
			"get_ref_annotsv",
			"SV_chrom",
			"POS"
		],
		"ALT": "ALT",
		"QUAL": "QUAL",
		"FILTER": "FILTER",
		"INFO": {
			"AnnotSV_ID": "AnnotSV_ID",
			"INFO": "INFO",
			"ID": "ID",
			"SV_start": "SV_start",
			"END": [
				"HELPER_FUNCTION",
				"get_end_annotsv",
				"Annotation_mode",
				"SV_end",
				"Tx_end"
			],
			"SVLEN": [
				"HELPER_FUNCTION",
				"get_svlen_annotsv",
				"Annotation_mode",
				"SV_length",
				"Overlapped_tx_length"
			],
			"SVTYPE": "SV_type",
			"Annotation_mode": "Annotation_mode",
			"Tx": "Tx",
			"Tx_start": "Tx_start",
			"Tx_end": "Tx_end",
			"Overlapped_tx_length": "Overlapped_tx_length",
			"Overlapped_CDS_length": "Overlapped_CDS_length",
			"Overlapped_CDS_percent": "Overlapped_CDS_percent",
			"Frameshift": "Frameshift",
			"Exon_count": "Exon_count",
			"Location": "Location",
			"Location2": "Location2",
			"Dist_nearest_SS": "Dist_nearest_SS",
			"Nearest_SS_type": "Nearest_SS_type",
			"Intersect_start": "Intersect_start",
			"RE_gene": "RE_gene",
			"P_gain_phen": "P_gain_phen",
			"P_gain_hpo": "P_gain_hpo",
			"P_gain_source": "P_gain_source",
			"P_gain_coord": "P_gain_coord",
			"P_loss_phen": "P_loss_phen",
			"P_loss_hpo": "P_loss_hpo",
			"P_loss_source": "P_loss_source",
			"P_loss_coord": "P_loss_coord",
			"P_ins_phen": "P_ins_phen",
			"P_ins_hpo": "P_ins_hpo",
			"P_ins_source": "P_ins_source",
			"P_ins_coord": "P_ins_coord",
			"P_snvindel_nb": "P_snvindel_nb",
			"P_snvindel_phen": "P_snvindel_phen",
			"B_gain_source": "B_gain_source",
			"B_gain_coord": "B_gain_coord",
			"B_loss_source": "B_loss_source",
			"B_loss_coord": "B_loss_coord",
			"B_ins_source": "B_ins_source",
			"B_ins_coord": "B_ins_coord",
			"B_inv_source": "B_inv_source",
			"B_inv_coord": "B_inv_coord",
			"TAD_coordinate": "TAD_coordinate",
			"ENCODE_experiment": "ENCODE_experiment",
			"GC_content_left": "GC_content_left",
			"GC_content_right": "GC_content_right",
			"Repeat_coord_left": "Repeat_coord_left",
			"Repeat_type_left": "Repeat_type_left",
			"Repeat_coord_right": "Repeat_coord_right",
			"Repeat_type_right": "Repeat_type_right",
			"Gap_left": "Gap_left",
			"Gap_right": "Gap_right",
			"SegDup_left": "SegDup_left",
			"SegDup_right": "SegDup_right",
			"ENCODE_blacklist_left": "ENCODE_blacklist_left",
			"ENCODE_blacklist_characteristics_left": "ENCODE_blacklist_characteristics_left",
			"ENCODE_blacklist_right": "ENCODE_blacklist_right",
			"ENCODE_blacklist_characteristics_right": "ENCODE_blacklist_characteristics_right",
			"ACMG": "ACMG",
			"HI": "HI",
			"TS": "TS",
			"DDD_HI_percent": "DDD_HI_percent",
			"DDD_status": "DDD_status",
			"DDD_mode": "DDD_mode",
			"DDD_consequence": "DDD_consequence",
			"DDD_disease": "DDD_disease",
			"DDD_pmid": "DDD_pmid",
			"ExAC_delZ": "ExAC_delZ",
			"ExAC_dupZ": "ExAC_dupZ",
			"ExAC_cnvZ": "ExAC_cnvZ",
			"ExAC_synZ": "ExAC_synZ",
			"ExAC_misZ": "ExAC_misZ",
			"OMIM_ID": "OMIM_ID",
			"OMIM_phenotype": "OMIM_phenotype",
			"OMIM_inheritance": "OMIM_inheritance",
			"OMIM_morbid": "OMIM_morbid",
			"OMIM_morbid_candidate": "OMIM_morbid_candidate",
			"LOEUF_bin": "LOEUF_bin",
			"GnomAD_pLI": "GnomAD_pLI",
			"ExAC_pLI": "ExAC_pLI",
			"AnnotSV_ranking_score": "AnnotSV_ranking_score",
			"AnnotSV_ranking_criteria": "AnnotSV_ranking_criteria",
			"ACMG_class": "ACMG_class"
		},
		"FORMAT": "FORMAT",
		"SAMPLE": "Samples_ID"
	},
	"COLUMNS_DESCRIPTION": {
		"REF": {},
		"ALT": {
			"DUP": "Duplication",
			"DEL": "Deletion"
		},
		"INFO": {
			"AnnotSV_ID": {
				"Type": "String",
				"Number": ".",
				"Description": "AnnotSV ID"
			},
			"SV_chrom": {
				"Type": "String",
				"Number": ".",
				"Description": "Name of the chromosome"
			},
			"SV_start": {
				"Type": "Integer",
				"Number": ".",
				"Description": "Starting position of the SV in the chromosome"
			},
			"END": {
				"Type": "Integer",
				"Number": ".",
				"Description": "Ending position of the SV in the chromosome"
			},
			"SVLEN": {
				"Type": "Integer",
				"Number": ".",
				"Description": "Length of the SV (bp) (deletions have negative values)"
			},
			"SVTYPE": {
				"Type": "String",
				"Number": ".",
				"Description": "Type of the SV (DEL, DUP, ...)"
			},
			"Samples_ID": {
				"Type": "String",
				"Number": ".",
				"Description": "List of the samples ID for which the SV was called (according to the SV input file)"
			},
			"REF": {
				"Type": "String",
				"Number": ".",
				"Description": "Nucleotide sequence in the reference genome (extracted only from a VCF input file)"
			},
			"ALT": {
				"Type": "String",
				"Number": ".",
				"Description": "Alternate nucleotide sequence (extracted only from a VCF input file)"
			},
			"'SampleID'": {
				"Type": "String",
				"Number": ".",
				"Description": "The sample ID column from a VCF file"
			},
			"Annotation_mode": {
				"Type": "String",
				"Number": ".",
				"Description": "Indicate the type of annotation lines generated: annotation on the SV full length ('full'), annotation on each gene overlapped by the SV ('split')"
			},
			"Gene_name": {
				"Type": "String",
				"Number": ".",
				"Description": "Gene symbol"
			},
			"Gene_count": {
				"Type": "Integer",
				"Number": ".",
				"Description": "Number of overlapped genes with the SV"
			},
			"Tx": {
				"Type": "String",
				"Number": ".",
				"Description": "Transcript symbol"
			},
			"Tx_start": {
				"Type": "Integer",
				"Number": ".",
				"Description": "Starting position of the transcript"
			},
			"Tx_end": {
				"Type": "Integer",
				"Number": ".",
				"Description": "Ending position of the transcript"
			},
			"Overlapped_tx_length": {
				"Type": "Integer",
				"Number": ".",
				"Description": "Length of the transcript (bp) overlapping with the SV"
			},
			"Overlapped_CDS_length": {
				"Type": "Integer",
				"Number": ".",
				"Description": "Length of the CoDing Sequence (CDS) (bp) overlapped with the SV"
			},
			"Overlapped_CDS_percent": {
				"Type": "Integer",
				"Number": ".",
				"Description": "Percent of the CoDing Sequence (CDS) (bp) overlapped with the SV"
			},
			"Frameshift": {
				"Type": "String",
				"Number": ".",
				"Description": "Indicates if the CDS length is not divisible by three (yes or no)"
			},
			"Exon_count": {
				"Type": "Integer",
				"Number": ".",
				"Description": "Number of exons of the transcript"
			},
			"Location": {
				"Type": "String",
				"Number": ".",
				"Description": "SV location in the gene's. Values: txStart, txEnd, exon'i', intron'i' e.g. txStart-exon3"
			},
			"Location2": {
				"Type": "String",
				"Number": ".",
				"Description": "SV location in the gene's coding regions. Values: UTR (no CDS in the gene), 5'UTR (before the CDS start), 3'UTR (after the CDS end), CDS (between the CDS start and the CDS end, can be in an exon or an intron). e.g. 3'UTR-CDS"
			},
			"Dist_nearest_SS": {
				"Type": "Integer",
				"Number": ".",
				"Description": "Absolute distance to nearest splice site after considering exonic and intronic SV breakpoints"
			},
			"Nearest_SS_type": {
				"Type": "String",
				"Number": ".",
				"Description": "Nearest splice site type: 5' (donor) or 3' (acceptor)"
			},
			"Intersect_start": {
				"Type": "Integer",
				"Number": ".",
				"Description": "Start position of the intersection between the SV and a transcript"
			},
			"Intersect_end": {
				"Type": "Integer",
				"Number": ".",
				"Description": "End position of the intersection between the SV and a transcript"
			},
			"RE_gene": {
				"Type": "String",
				"Number": ".",
				"Description": "Name of the genes regulated by a regulatory element overlapped with the SV to annotate. When available, the regulated gene name is detailed with associated haploinsufficiency (HI), triplosensitivity (TS), Exomiser (EX) scores, OMIM and candidate genes. (For the filtering output, see the -REselect1 and -REselect2 options)"
			},
			"B_gain_source": {
				"Type": "String",
				"Number": ".",
				"Description": "Origin of the benign gain genomic regions completely overlapping the SV to annotate: gnomAD, ClinVar (CLN), ClinGen (TS40), DGV (dgv, nsv or esv), DDD, 1000 genomes (1000g), Ira M. Hall's lab (IMH), Children's Mercy Research Institute (CMRI)"
			},
			"B_gain_coord": {
				"Type": "String",
				"Number": ".",
				"Description": "Coordinates of the benign gain genomic regions completely overlapping the SV to annotate"
			},
			"B_gain_AFmax": {
				"Type": "Float",
				"Number": ".",
				"Description": "Maximum allele frequency of the reported benign gain genomic regions (if available)"
			},
			"B_loss_source": {
				"Type": "String",
				"Number": ".",
				"Description": "Origin of the benign loss genomic regions completely overlapping the SV to annotate: gnomAD, ClinVar (CLN), ClinGen (HI40), DGV (dgv, nsv or esv), DDD, 1000 genomes (1000g), Ira M. Hall's lab (IMH), Children's Mercy Research Institute (CMRI)"
			},
			"B_loss_coord": {
				"Type": "String",
				"Number": ".",
				"Description": "Coordinates of the benign loss genomic regions completely overlapping the SV to annotate"
			},
			"B_loss_AFmax": {
				"Type": "Float",
				"Number": ".",
				"Description": "Maximum allele frequency of the reported benign loss genomic regions (if available)"
			},
			"B_ins_source": {
				"Type": "String",
				"Number": ".",
				"Description": "Origin of the benign insertion genomic regions completely overlapping the SV to annotate: gnomAD, ClinVar (CLN), 1000 genomes (1000g), Ira M. Hall's lab (IMH), Children's Mercy Research Institute (CMRI)"
			},
			"B_ins_coord": {
				"Type": "String",
				"Number": ".",
				"Description": "Coordinates of the benign insertion genomic regions completely overlapping the SV to annotate"
			},
			"B_ins_AFmax": {
				"Type": "Float",
				"Number": ".",
				"Description": "Maximum allele frequency of the reported benign insertion genomic regions (if available)"
			},
			"B_inv_source": {
				"Type": "String",
				"Number": ".",
				"Description": "Origin of the benign inversion genomic regions completely overlapping the SV to annotate: gnomAD, 1000 genomes (1000g), Ira M. Hall's lab (IMH), Children's Mercy Research Institute (CMRI)"
			},
			"B_inv_coord": {
				"Type": "String",
				"Number": ".",
				"Description": "Coordinates of the benign inversion genomic regions completely overlapping the SV to annotate"
			},
			"B_inv_AFmax": {
				"Type": "Float",
				"Number": ".",
				"Description": "Maximum allele frequency of the reported benign inversion genomic regions (if available)"
			},
			"P_gain_phen": {
				"Type": "String",
				"Number": ".",
				"Description": "Phenotype of the pathogenic gain genomic regions completely overlapped with the SV to annotate"
			},
			"P_gain_hpo": {
				"Type": "String",
				"Number": ".",
				"Description": "HPO terms describing the pathogenic gain genomic regions completely overlapped with the SV to annotate"
			},
			"P_gain_source": {
				"Type": "String",
				"Number": ".",
				"Description": "Origin of the pathogenic gain genomic regions completely overlapped with the SV to annotate: dbVarNR (dbVar), ClinVar (CLN), ClinGen (TS3)"
			},
			"P_gain_coord": {
				"Type": "String",
				"Number": ".",
				"Description": "Coordinates of the pathogenic gain genomic regions completely overlapped with the SV to annotate"
			},
			"P_loss_phen": {
				"Type": "String",
				"Number": ".",
				"Description": "Phenotype of the pathogenic loss genomic regions completely overlapped with the SV to annotate"
			},
			"P_loss_hpo": {
				"Type": "String",
				"Number": ".",
				"Description": "HPO terms describing the pathogenic loss genomic regions completely overlapped with the SV to annotate"
			},
			"P_loss_source": {
				"Type": "String",
				"Number": ".",
				"Description": "Origin of the pathogenic loss genomic regions completely overlapped with the SV to annotate: dbVarNR (dbVar), ClinVar (CLN), ClinGen (HI3), morbid"
			},
			"P_loss_coord": {
				"Type": "String",
				"Number": ".",
				"Description": "Coordinates of the pathogenic loss genomic regions completely overlapped with the SV to annotate"
			},
			"P_ins_phen": {
				"Type": "String",
				"Number": ".",
				"Description": "Phenotype of the pathogenic insertion genomic regions completely overlapped with the SV to annotate"
			},
			"P_ins_hpo": {
				"Type": "String",
				"Number": ".",
				"Description": "HPO terms describing the pathogenic insertion genomic regions completely overlapped with the SV to annotate"
			},
			"P_ins_source": {
				"Type": "String",
				"Number": ".",
				"Description": "Origin of the pathogenic insertion genomic regions completely overlapped with the SV to annotate: dbVarNR (dbVar), ClinVar (CLN)"
			},
			"P_ins_coord": {
				"Type": "String",
				"Number": ".",
				"Description": "Coordinates of the pathogenic insertion genomic regions completely overlapped with the SV to annotate"
			},
			"P_snvindel_nb": {
				"Type": "Integer",
				"Number": ".",
				"Description": "Number of pathogenic snv/indel from public databases completely overlapped with the SV to annotate"
			},
			"P_snvindel_phen": {
				"Type": "String",
				"Number": ".",
				"Description": "Phenotypes of pathogenic snv/indel from public databases completely overlapped with the SV to annotate"
			},
			"TAD_coordinate": {
				"Type": "String",
				"Number": ".",
				"Description": "Coordinates of the TAD whose boundaries overlapped with the annotated SV (boundaries included in the coordinates)"
			},
			"ENCODE_experiment": {
				"Type": "String",
				"Number": ".",
				"Description": "ENCODE experiments used to define the TAD"
			},
			"Cosmic_ID": {
				"Type": "String",
				"Number": ".",
				"Description": "COSMIC identifier"
			},
			"Cosmic_mut_typ": {
				"Type": "String",
				"Number": ".",
				"Description": "Defined as Gain or Loss"
			},
			"CytoBand": {
				"Type": "String",
				"Number": ".",
				"Description": "Cytogenic band annotation"
			},
			"GC_content_left": {
				"Type": "Float",
				"Number": ".",
				"Description": "GC content around the left SV breakpoint (+/- 100bp)"
			},
			"GC_content_right": {
				"Type": "Float",
				"Number": ".",
				"Description": "GC content around the right SV breakpoint (+/- 100bp)"
			},
			"Repeat_coord_left": {
				"Type": "String",
				"Number": ".",
				"Description": "Repeats coordinates around the left SV breakpoint (+/- 100bp)"
			},
			"Repeat_type_left": {
				"Type": "String",
				"Number": ".",
				"Description": "Repeats type around the left SV breakpoint (+/- 100bp) e.g. AluSp, L2b, L1PA2, LTR12C, SVA_D, ..."
			},
			"Repeat_coord_right": {
				"Type": "String",
				"Number": ".",
				"Description": "Repeats coordinates around the right SV breakpoint (+/- 100bp)"
			},
			"Repeat_type_right": {
				"Type": "String",
				"Number": ".",
				"Description": "Repeats type around the right SV breakpoint (+/- 100bp) e.g. AluSp, L2b, L1PA2, LTR12C, SVA_D, ..."
			},
			"Gap_left": {
				"Type": "String",
				"Number": ".",
				"Description": "Gap regions coordinates around the left SV breakpoint (+/- 100bp)"
			},
			"Gap_right": {
				"Type": "String",
				"Number": ".",
				"Description": "Gap regions coordinates around the right SV breakpoint (+/-100bp)"
			},
			"SegDup_left": {
				"Type": "String",
				"Number": ".",
				"Description": "Segmental Duplication regions coordinates around the left SV breakpoint (+/- 100bp)"
			},
			"SegDup_right": {
				"Type": "String",
				"Number": ".",
				"Description": "Segmental Duplication regions coordinates around the right SV breakpoint (+/- 100bp)"
			},
			"ENCODE_blacklist_left": {
				"Type": "String",
				"Number": ".",
				"Description": "ENCODE blacklist regions coordinates around the left SV breakpoint (+/- 100bp)"
			},
			"ENCODE_blacklist_characteristics_left": {
				"Type": "String",
				"Number": ".",
				"Description": "ENCODE blacklist regions characteristics around the left SV breakpoint (+/- 100bp)"
			},
			"ENCODE_blacklist_right": {
				"Type": "String",
				"Number": ".",
				"Description": "ENCODE blacklist regions coordinates around the right SV breakpoint (+/- 100bp)"
			},
			"ENCODE_blacklist_characteristics_right": {
				"Type": "String",
				"Number": ".",
				"Description": "ENCODE blacklist regions characteristics around the right SV breakpoint (+/- 100bp)"
			},
			"ACMG": {
				"Type": "String",
				"Number": ".",
				"Description": "ACMG genes"
			},
			"HI": {
				"Type": "Integer",
				"Number": ".",
				"Description": "ClinGen Haploinsufficiency Score"
			},
			"TS": {
				"Type": "Float",
				"Number": ".",
				"Description": "ClinGen Triplosensitivity Score"
			},
			"DDD_HI_percent": {
				"Type": "Float",
				"Number": ".",
				"Description": "Haploinsufficiency ranks from DDD"
			},
			"GenCC_disease": {
				"Type": "String",
				"Number": ".",
				"Description": "GenCC disease name: e.g. Nizon-Isidor syndrome"
			},
			"GenCC_moi": {
				"Type": "String",
				"Number": ".",
				"Description": "GenCC mode of inheritance"
			},
			"GenCC_classification": {
				"Type": "String",
				"Number": ".",
				"Description": "GenCC classification (Definitive, Strong, Moderate, Limited, Disputed, Animal Model Only, Refuted or No known disease relationship)"
			},
			"GenCC_pmid": {
				"Type": "String",
				"Number": ".",
				"Description": "GenCC Pubmed Id"
			},
			"DDD_status": {
				"Type": "String",
				"Number": ".",
				"Description": "DDD status: e.g. confirmed, probable"
			},
			"DDD_mode": {
				"Type": "String",
				"Number": ".",
				"Description": "DDD allelic requirement: e.g. biallelic, hemizygous..."
			},
			"DDD_consequence": {
				"Type": "String",
				"Number": ".",
				"Description": "DDD mutation consequence: e.g. 'loss of function', uncertain ..."
			},
			"DDD_disease": {
				"Type": "String",
				"Number": ".",
				"Description": "DDD disease name: e.g. 'OCULOAURICULAR SYNDROME'"
			},
			"DDD_pmid": {
				"Type": "String",
				"Number": ".",
				"Description": "DDD Pubmed Id"
			},
			"ExAC_synZ": {
				"Type": "Float",
				"Number": ".",
				"Description": "Positive synZ_ExAC (Z score) from ExAC indicate gene intolerance to synonymous variation"
			},
			"ExAC_misZ": {
				"Type": "Float",
				"Number": ".",
				"Description": "Positive misZ_ExAC (Z score) from ExAC indicate gene intolerance to missense variation"
			},
			"ExAC_delZ": {
				"Type": "Float",
				"Number": ".",
				"Description": "Positive delZ_ExAC (Z score) from ExAC indicate gene intolerance to deletion"
			},
			"ExAC_dupZ": {
				"Type": "Float",
				"Number": ".",
				"Description": "Positive dupZ_ExAC (Z score) from ExAC indicate gene intolerance to duplication"
			},
			"ExAC_cnvZ": {
				"Type": "Float",
				"Number": ".",
				"Description": "Positive cnvZ_ExAC (Z score) from ExAC indicate gene intolerance to CNV"
			},
			"OMIM_ID": {
				"Type": "String",
				"Number": ".",
				"Description": "OMIM unique six-digit identifier"
			},
			"OMIM_phenotype": {
				"Type": "String",
				"Number": ".",
				"Description": "e.g. Charcot-Marie-Tooth disease"
			},
			"OMIM_inheritance": {
				"Type": "String",
				"Number": ".",
				"Description": "e.g. AD (= 'Autosomal dominant'). Detailed in AnnotSV's FAQ."
			},
			"OMIM_morbid": {
				"Type": "String",
				"Number": ".",
				"Description": "Set to 'yes' if the SV overlaps an OMIM morbid gene"
			},
			"OMIM_morbid_candidate": {
				"Type": "String",
				"Number": ".",
				"Description": "Set to 'yes' if the SV overlaps an OMIM morbid gene candidate"
			},
			"LOEUF_bin": {
				"Type": "Integer",
				"Number": ".",
				"Description": "Minimal 'decile bin of LOEUF' for given transcripts of a gene (lower values indicate more constrained). Values = integer [0-9]"
			},
			"GnomAD_pLI": {
				"Type": "Float",
				"Number": ".",
				"Description": "Score computed by gnomAD indicating the probability that a gene is intolerant to a loss of function variation (Nonsense, splice acceptor/donor variants due to SNV/indel)"
			},
			"ExAC_pLI": {
				"Type": "Float",
				"Number": ".",
				"Description": "Score computed by ExAC indicating the probability that a gene is intolerant to a loss of function variation (Nonsense, splice acceptor/donor variants due to SNV/indel). ExAC considers pLI>=0.9 as an extremely LoF intolerant gene"
			},
			"Exomiser_gene_pheno_score": {
				"Type": "Float",
				"Number": ".",
				"Description": "Exomiser score for how close each overlapped gene is to the phenotype"
			},
			"Human_pheno_evidence": {
				"Type": "String",
				"Number": ".",
				"Description": "Phenotypic evidence from Human model"
			},
			"Mouse_pheno_evidence": {
				"Type": "String",
				"Number": ".",
				"Description": "Phenotypic evidence from Mouse model"
			},
			"Fish_pheno_evidence": {
				"Type": "String",
				"Number": ".",
				"Description": "Phenotypic evidence from Fish model"
			},
			"Compound_htz(sample)": {
				"Type": "String",
				"Number": ".",
				"Description": "List of heterozygous SNV/indel (reported with 'chrom_position') presents in the gene overlapped by the annotated SV"
			},
			"Count_hom(sample)": {
				"Type": "Integer",
				"Number": ".",
				"Description": "Number of homozygous SNV/indel (extracted from VCF input file) in the individual 'sample' which are present: 1) in the deletion SV ('full' annotation) and 2) between intersectStart and intersectEnd ('split' annotation)"
			},
			"Count_htz(sample)": {
				"Type": "Integer",
				"Number": ".",
				"Description": "Number of heterozygous SNV/indel (extracted from VCF input file) in the individual 'sample' which are present: 1) in the SV ('full' annotation) and 2) between intersectStart and intersectEnd ('split' annotation)"
			},
			"Count_htz/allHom(sample)": {
				"Type": "Float",
				"Number": ".",
				"Description": "Ratio for QC filtering: #htz(sample)/#allHom(sample)"
			},
			"Count_htz/total(cohort)": {
				"Type": "Float",
				"Number": ".",
				"Description": "Ratio for QC filtering: #htz(sample)/#total(cohort)"
			},
			"Count_total(cohort)": {
				"Type": "Integer",
				"Number": ".",
				"Description": "Total count of SNV/indel called from all the samples of the cohort and present in the interval of the deletion"
			},
			"AnnotSV_ranking_score": {
				"Type": "Float",
				"Number": ".",
				"Description": "SV ranking score following the 2019 joint consensus recommendation of ACMG and ClinGen. Scoring: pathogenic >= 0.99, likely pathogenic [0.90;0.98], variant of uncertain significance [0.89;-0.89], likely benign [-0.90;-0.98], benign <= -0.99."
			},
			"AnnotSV_ranking_criteria": {
				"Type": "String",
				"Number": ".",
				"Description": "Decision criteria explaining the AnnotSV ranking score"
			},
			"ACMG_class": {
				"Type": "String",
				"Number": ".",
				"Description": "SV ranking class into 1 of 5: class 1 (benign), class 2 (likely benign), class 3 (variant of unknown significance), class 4 (likely pathogenic), class 5 (pathogenic)"
			}
		},
		"FORMAT": {
			"GT": {
				"Type": "String",
				"Number": "1",
				"Description": "Genotype"
			},
			"RE": {
				"Type": "Integer",
				"Number": "1",
				"Description": "Reads Expected: the number of expected reads under the probabilistic model (Decon)"
			},
			"RO": {
				"Type": "Integer",
				"Number": "1",
				"Description": "Reads observed: the number of observed reads (Decon)"
			},
			"RR": {
				"Type": "Float",
				"Number": "1",
				"Description": "Reads ratio: the ratio of observed to expected reads (Decon)"
			},
			"NC": {
				"Type": "Integer",
				"Number": "1",
				"Description": "N.comp: the number of samples used as the reference set (Decon)"
			},
			"CO": {
				"Type": "Float",
				"Number": "1",
				"Description": "Correlation: the maximum correlation between the test sample and any other sample in the full set of BAM files (Decon)"
			},
			"BF": {
				"Type": "Float",
				"Number": "1",
				"Description": "Bayes factor associated with the call (Decon)"
			}
		}
	}
}