{
	"GENERAL": {
		"origin": "bedpe",
		"input_format": "bedpe",
		"output_format": "vcf",
		"skip_rows": 0,
		"comment": "",
		"unique_variant_id": [
			"chrom1",
			"end1",
			"chrom2",
			"end2"
		],
		"defaut_strand_1": "+",
		"defaut_strand_2": "+",
		"default_genotype": "0/1"
	},
	"GENOME": {
		"assembly": "hg19",
		"path": "/home1/DB/STARK/genomes/current/hg19.fa",
		"vcf_header": [
			"##contig=<ID=chr1,length=249250621,assembly=hg19>",
			"##contig=<ID=chr2,length=243199373,assembly=hg19>",
			"##contig=<ID=chr3,length=198022430,assembly=hg19>",
			"##contig=<ID=chr4,length=191154276,assembly=hg19>",
			"##contig=<ID=chr5,length=180915260,assembly=hg19>",
			"##contig=<ID=chr6,length=171115067,assembly=hg19>",
			"##contig=<ID=chr7,length=159138663,assembly=hg19>",
			"##contig=<ID=chr8,length=146364022,assembly=hg19>",
			"##contig=<ID=chr9,length=141213431,assembly=hg19>",
			"##contig=<ID=chr10,length=135534747,assembly=hg19>",
			"##contig=<ID=chr11,length=135006516,assembly=hg19>",
			"##contig=<ID=chr12,length=133851895,assembly=hg19>",
			"##contig=<ID=chr13,length=115169878,assembly=hg19>",
			"##contig=<ID=chr14,length=107349540,assembly=hg19>",
			"##contig=<ID=chr15,length=102531392,assembly=hg19>",
			"##contig=<ID=chr16,length=90354753,assembly=hg19>",
			"##contig=<ID=chr17,length=81195210,assembly=hg19>",
			"##contig=<ID=chr18,length=78077248,assembly=hg19>",
			"##contig=<ID=chr19,length=59128983,assembly=hg19>",
			"##contig=<ID=chr20,length=63025520,assembly=hg19>",
			"##contig=<ID=chr21,length=48129895,assembly=hg19>",
			"##contig=<ID=chr22,length=51304566,assembly=hg19>",
			"##contig=<ID=chrM,length=16571,assembly=hg19>",
			"##contig=<ID=chrX,length=155270560,assembly=hg19>",
			"##contig=<ID=chrY,length=59373566,assembly=hg19>",
			"##reference=file:///STARK/databases/genomes/current/hg19.fa"
		]
	},
	"VCF_COLUMNS": {
		"#CHROM": [
			"HELPER_FUNCTION",
			"get_chr_from_bedpe",
			"chrom1",
			"chrom2"
		],
		"POS": [
			"HELPER_FUNCTION",
			"get_pos_from_bedpe",
			"end1",
			"end2"
		],
		"ID": "",
		"REF": [
			"HELPER_FUNCTION",
			"get_ref_from_bedpe",
			"chrom1",
			"end1",
			"chrom2",
			"end2"
		],
		"ALT": [
			"HELPER_FUNCTION",
			"get_alt_from_bedpe",
			"chrom1",
			"end1",
			"strand1",
			"chrom2",
			"end2",
			"strand2"
		],
		"QUAL": "",
		"FILTER": "",
		"INFO": {},
		"FORMAT": {
			"GT": ""
		},
		"SAMPLE": ""
	},
	"COLUMNS_DESCRIPTION": {
		"INFO": {
			"SVTYPE": {
				"Type": "String",
				"Number": "1",
				"Description": "Type of structural variant"
			}
		},
		"FORMAT": {
			"GT": {
				"Type": "String",
				"Number": "1",
				"Description": "Genotype"
			}
		}
	}
}