{
	"GENERAL": {
		"origin": "canoes_bed",
		"input_format": "tsv",
		"output_format": "vcf",
		"skip_rows": 0,
		"comment": "",
		"unique_variant_id": [
			"#Chrom",
			"Start",
			"End",
			"SV type"
		]
	},
	"GENOME": {
		"assembly": "hg19",
		"path": "/home1/DB/STARK/genomes/current/hg19.fa",
		"vcf_header": [
			"##contig=<ID=1,length=249250621,assembly=hg19>",
			"##contig=<ID=2,length=243199373,assembly=hg19>",
			"##contig=<ID=3,length=198022430,assembly=hg19>",
			"##contig=<ID=4,length=191154276,assembly=hg19>",
			"##contig=<ID=5,length=180915260,assembly=hg19>",
			"##contig=<ID=6,length=171115067,assembly=hg19>",
			"##contig=<ID=7,length=159138663,assembly=hg19>",
			"##contig=<ID=8,length=146364022,assembly=hg19>",
			"##contig=<ID=9,length=141213431,assembly=hg19>",
			"##contig=<ID=10,length=135534747,assembly=hg19>",
			"##contig=<ID=11,length=135006516,assembly=hg19>",
			"##contig=<ID=12,length=133851895,assembly=hg19>",
			"##contig=<ID=13,length=115169878,assembly=hg19>",
			"##contig=<ID=14,length=107349540,assembly=hg19>",
			"##contig=<ID=15,length=102531392,assembly=hg19>",
			"##contig=<ID=16,length=90354753,assembly=hg19>",
			"##contig=<ID=17,length=81195210,assembly=hg19>",
			"##contig=<ID=18,length=78077248,assembly=hg19>",
			"##contig=<ID=19,length=59128983,assembly=hg19>",
			"##contig=<ID=20,length=63025520,assembly=hg19>",
			"##contig=<ID=21,length=48129895,assembly=hg19>",
			"##contig=<ID=22,length=51304566,assembly=hg19>",
			"##contig=<ID=M,length=16571,assembly=hg19>",
			"##contig=<ID=X,length=155270560,assembly=hg19>",
			"##contig=<ID=Y,length=59373566,assembly=hg19>",
			"##reference=file:///home1/DB/STARK/genomes/current/hg19.fa"
		]
	},
	"VCF_COLUMNS": {
		"#CHROM": "#Chrom",
		"POS": "Start",
		"ID": "",
		"REF": [
			"HELPER_FUNCTION",
			"get_ref_from_canoes_bed",
			"#Chrom",
			"Start"
		],
		"ALT": [
			"HELPER_FUNCTION",
			"get_alt_from_canoes_bed",
			"SV type"
		],
		"QUAL": "",
		"FILTER": "",
		"INFO": {
			"SVTYPE": "SV type",
			"SVLEN": [
				"HELPER_FUNCTION",
				"get_svlen_from_decon",
				"Start",
				"End"
			],
			"END": "End"
		},
		"FORMAT": {
			"GT": ""
		},
		"SAMPLE": "Samples_ID"
	},
	"COLUMNS_DESCRIPTION": {
		"ALT": {
			"DUP": "Duplication",
			"DEL": "Deletion"
		},
		"INFO": {
			"SVTYPE": {
				"Type": "String",
				"Number": "1",
				"Description": "Type of structural variant"
			},
			"SVLEN": {
				"Type": "Integer",
				"Number": "1",
				"Description": "Difference in length between REF and ALT positions"
			},
			"END": {
				"Type": "Integer",
				"Number": "1",
				"Description": "Second breakpoint of the SV, for SVs given in a single record"
			}
		},
		"FORMAT": {
			"GT": {
				"Type": "String",
				"Number": "1",
				"Description": "Genotype"
			}
		}
	}
}