{
	"GENERAL": {
		"origin": "Decon",
		"input_format": "tsv",
		"output_format": "vcf",
		"skip_rows": 0,
		"comment": "",
		"unique_variant_id": [
			"Chromosome",
			"Start",
			"End",
			"CNV.type"
		]
	},
	"GENOME": {
		"assembly": "hg19",
		"path": "/home1/DB/STARK/genomes/current/hg19.fa",
		"vcf_header": [
			"##contig=<ID=chr1,length=249250621,assembly=hg19>",
			"##contig=<ID=chr2,length=243199373,assembly=hg19>",
			"##contig=<ID=chr3,length=198022430,assembly=hg19>",
			"##contig=<ID=chr4,length=191154276,assembly=hg19>",
			"##contig=<ID=chr5,length=180915260,assembly=hg19>",
			"##contig=<ID=chr6,length=171115067,assembly=hg19>",
			"##contig=<ID=chr7,length=159138663,assembly=hg19>",
			"##contig=<ID=chr8,length=146364022,assembly=hg19>",
			"##contig=<ID=chr9,length=141213431,assembly=hg19>",
			"##contig=<ID=chr10,length=135534747,assembly=hg19>",
			"##contig=<ID=chr11,length=135006516,assembly=hg19>",
			"##contig=<ID=chr12,length=133851895,assembly=hg19>",
			"##contig=<ID=chr13,length=115169878,assembly=hg19>",
			"##contig=<ID=chr14,length=107349540,assembly=hg19>",
			"##contig=<ID=chr15,length=102531392,assembly=hg19>",
			"##contig=<ID=chr16,length=90354753,assembly=hg19>",
			"##contig=<ID=chr17,length=81195210,assembly=hg19>",
			"##contig=<ID=chr18,length=78077248,assembly=hg19>",
			"##contig=<ID=chr19,length=59128983,assembly=hg19>",
			"##contig=<ID=chr20,length=63025520,assembly=hg19>",
			"##contig=<ID=chr21,length=48129895,assembly=hg19>",
			"##contig=<ID=chr22,length=51304566,assembly=hg19>",
			"##contig=<ID=chrM,length=16571,assembly=hg19>",
			"##contig=<ID=chrX,length=155270560,assembly=hg19>",
			"##contig=<ID=chrY,length=59373566,assembly=hg19>",
			"##reference=file:///home1/DB/STARK/genomes/current/hg19.fa"
		]
	},
	"VCF_COLUMNS": {
		"#CHROM": "Chromosome",
		"POS": "Start",
		"ID": "",
		"REF": [
			"HELPER_FUNCTION",
			"get_ref_from_decon",
			"Chromosome",
			"Start"
		],
		"ALT": [
			"HELPER_FUNCTION",
			"get_alt_from_decon",
			"CNV.type"
		],
		"QUAL": "",
		"FILTER": "",
		"INFO": {
			"SVTYPE": "CNV.type",
			"SVLEN": [
				"HELPER_FUNCTION",
				"get_svlen_from_decon",
				"Start",
				"End"
			],
			"END": "End",
			"CNV.ID": "CNV.ID",
			"N.exons": "N.exons",
			"Start.b": "Start.b",
			"End.b": "End.b",
			"Genomic.ID": "Genomic.ID"
		},
		"FORMAT": {
			"GT": "",
			"RE": "Reads.expected",
			"RO": "Reads.observed",
			"RR": "Reads.ratio",
			"NC": "N.comp",
			"CO": "Correlation",
			"BF": "BF"
		},
		"SAMPLE": "Sample"
	},
	"COLUMNS_DESCRIPTION": {
		"ALT": {
			"DUP": "Duplication",
			"DEL": "Deletion"
		},
		"INFO": {
			"SVTYPE": {
				"Type": "String",
				"Number": "1",
				"Description": "Type of structural variant"
			},
			"SVLEN": {
				"Type": "Integer",
				"Number": "1",
				"Description": "Difference in length between REF and ALT alleles"
			},
			"END": {
				"Type": "Integer",
				"Number": "1",
				"Description": "Second breakpoint of the SV, for SVs given in a single record"
			},
			"CNV.ID": {
				"Type": "Integer",
				"Number": "1",
				"Description": "Decon's unique identifier of the CNV call. This ID is searchable in the GUI"
			},
			"N.exons": {
				"Type": "Integer",
				"Number": "1",
				"Description": "The number of exons encompassed by the call"
			},
			"Start.b": {
				"Type": "Integer",
				"Number": "1",
				"Description": "The number of the first exon in the call from the analyzed BED file"
			},
			"End.b": {
				"Type": "Integer",
				"Number": "1",
				"Description": "The number of the last exon in the call from the analyzed BED file"
			},
			"Genomic.ID": {
				"Type": "String",
				"Number": "1",
				"Description": "DECoN genomic identifier"
			},
			"Genes": {
				"Type": "String",
				"Number": ".",
				"Description": "The affected genes from the analyzed bed file (from DECoN)"
			}
		},
		"FORMAT": {
			"GT": {
				"Type": "String",
				"Number": "1",
				"Description": "Genotype"
			},
			"RE": {
				"Type": "Integer",
				"Number": "1",
				"Description": "Reads Expected: the number of expected reads under the probabilistic model"
			},
			"RO": {
				"Type": "Integer",
				"Number": "1",
				"Description": "Reads observed: the number of observed reads"
			},
			"RR": {
				"Type": "Float",
				"Number": "1",
				"Description": "Reads ratio: the ratio of observed to expected reads"
			},
			"NC": {
				"Type": "Integer",
				"Number": "1",
				"Description": "N.comp: the number of samples used as the reference set"
			},
			"CO": {
				"Type": "Float",
				"Number": "1",
				"Description": "Correlation: the maximum correlation between the test sample and any other sample in the full set of BAM files"
			},
			"BF": {
				"Type": "Float",
				"Number": "1",
				"Description": "The Bayes factor associated with the call, generated by DECoN"
			}
		}
	}
}