{
	"GENERAL": {
		"origin": "canoes_bed",
		"input_format": "tsv",
		"output_format": "vcf",
		"skip_rows": 0,
		"comment": "",
		"unique_variant_id": [
			"#Chrom",
			"Start",
			"End",
			"SV type"
		]
	},
	"GENOME": {
		"assembly": "GRCh37",
		"path": "/home1/data/genomes/GRCh37/Homo_sapiens.GRCh37.dna.primary_assembly.fa",
		"vcf_header": [
			"##contig=<ID=1,length=249250621,assembly=GRCh37>",
			"##contig=<ID=10,length=135534747,assembly=GRCh37>",
			"##contig=<ID=11,length=135006516,assembly=GRCh37>",
			"##contig=<ID=12,length=133851895,assembly=GRCh37>",
			"##contig=<ID=13,length=115169878,assembly=GRCh37>",
			"##contig=<ID=14,length=107349540,assembly=GRCh37>",
			"##contig=<ID=15,length=102531392,assembly=GRCh37>",
			"##contig=<ID=16,length=90354753,assembly=GRCh37>",
			"##contig=<ID=17,length=81195210,assembly=GRCh37>",
			"##contig=<ID=18,length=78077248,assembly=GRCh37>",
			"##contig=<ID=19,length=59128983,assembly=GRCh37>",
			"##contig=<ID=2,length=243199373,assembly=GRCh37>",
			"##contig=<ID=20,length=63025520,assembly=GRCh37>",
			"##contig=<ID=21,length=48129895,assembly=GRCh37>",
			"##contig=<ID=22,length=51304566,assembly=GRCh37>",
			"##contig=<ID=3,length=198022430,assembly=GRCh37>",
			"##contig=<ID=4,length=191154276,assembly=GRCh37>",
			"##contig=<ID=5,length=180915260,assembly=GRCh37>",
			"##contig=<ID=6,length=171115067,assembly=GRCh37>",
			"##contig=<ID=7,length=159138663,assembly=GRCh37>",
			"##contig=<ID=8,length=146364022,assembly=GRCh37>",
			"##contig=<ID=9,length=141213431,assembly=GRCh37>",
			"##contig=<ID=MT,length=16569,assembly=GRCh37>",
			"##contig=<ID=X,length=155270560,assembly=GRCh37>",
			"##contig=<ID=Y,length=59373566,assembly=GRCh37>",
			"##contig=<ID=GL000192.1,length=547496,assembly=GRCh37>",
			"##contig=<ID=GL000225.1,length=211173,assembly=GRCh37>",
			"##contig=<ID=GL000194.1,length=191469,assembly=GRCh37>",
			"##contig=<ID=GL000193.1,length=189789,assembly=GRCh37>",
			"##contig=<ID=GL000200.1,length=187035,assembly=GRCh37>",
			"##contig=<ID=GL000222.1,length=186861,assembly=GRCh37>",
			"##contig=<ID=GL000212.1,length=186858,assembly=GRCh37>",
			"##contig=<ID=GL000195.1,length=182896,assembly=GRCh37>",
			"##contig=<ID=GL000223.1,length=180455,assembly=GRCh37>",
			"##contig=<ID=GL000224.1,length=179693,assembly=GRCh37>",
			"##contig=<ID=GL000219.1,length=179198,assembly=GRCh37>",
			"##contig=<ID=GL000205.1,length=174588,assembly=GRCh37>",
			"##contig=<ID=GL000215.1,length=172545,assembly=GRCh37>",
			"##contig=<ID=GL000216.1,length=172294,assembly=GRCh37>",
			"##contig=<ID=GL000217.1,length=172149,assembly=GRCh37>",
			"##contig=<ID=GL000199.1,length=169874,assembly=GRCh37>",
			"##contig=<ID=GL000211.1,length=166566,assembly=GRCh37>",
			"##contig=<ID=GL000213.1,length=164239,assembly=GRCh37>",
			"##contig=<ID=GL000220.1,length=161802,assembly=GRCh37>",
			"##contig=<ID=GL000218.1,length=161147,assembly=GRCh37>",
			"##contig=<ID=GL000209.1,length=159169,assembly=GRCh37>",
			"##contig=<ID=GL000221.1,length=155397,assembly=GRCh37>",
			"##contig=<ID=GL000214.1,length=137718,assembly=GRCh37>",
			"##contig=<ID=GL000228.1,length=129120,assembly=GRCh37>",
			"##contig=<ID=GL000227.1,length=128374,assembly=GRCh37>",
			"##contig=<ID=GL000191.1,length=106433,assembly=GRCh37>",
			"##contig=<ID=GL000208.1,length=92689,assembly=GRCh37>",
			"##contig=<ID=GL000198.1,length=90085,assembly=GRCh37>",
			"##contig=<ID=GL000204.1,length=81310,assembly=GRCh37>",
			"##contig=<ID=GL000233.1,length=45941,assembly=GRCh37>",
			"##contig=<ID=GL000237.1,length=45867,assembly=GRCh37>",
			"##contig=<ID=GL000230.1,length=43691,assembly=GRCh37>",
			"##contig=<ID=GL000242.1,length=43523,assembly=GRCh37>",
			"##contig=<ID=GL000243.1,length=43341,assembly=GRCh37>",
			"##contig=<ID=GL000241.1,length=42152,assembly=GRCh37>",
			"##contig=<ID=GL000236.1,length=41934,assembly=GRCh37>",
			"##contig=<ID=GL000240.1,length=41933,assembly=GRCh37>",
			"##contig=<ID=GL000206.1,length=41001,assembly=GRCh37>",
			"##contig=<ID=GL000232.1,length=40652,assembly=GRCh37>",
			"##contig=<ID=GL000234.1,length=40531,assembly=GRCh37>",
			"##contig=<ID=GL000202.1,length=40103,assembly=GRCh37>",
			"##contig=<ID=GL000238.1,length=39939,assembly=GRCh37>",
			"##contig=<ID=GL000244.1,length=39929,assembly=GRCh37>",
			"##contig=<ID=GL000248.1,length=39786,assembly=GRCh37>",
			"##contig=<ID=GL000196.1,length=38914,assembly=GRCh37>",
			"##contig=<ID=GL000249.1,length=38502,assembly=GRCh37>",
			"##contig=<ID=GL000246.1,length=38154,assembly=GRCh37>",
			"##contig=<ID=GL000203.1,length=37498,assembly=GRCh37>",
			"##contig=<ID=GL000197.1,length=37175,assembly=GRCh37>",
			"##contig=<ID=GL000245.1,length=36651,assembly=GRCh37>",
			"##contig=<ID=GL000247.1,length=36422,assembly=GRCh37>",
			"##contig=<ID=GL000201.1,length=36148,assembly=GRCh37>",
			"##contig=<ID=GL000235.1,length=34474,assembly=GRCh37>",
			"##contig=<ID=GL000239.1,length=33824,assembly=GRCh37>",
			"##contig=<ID=GL000210.1,length=27682,assembly=GRCh37>",
			"##contig=<ID=GL000231.1,length=27386,assembly=GRCh37>",
			"##contig=<ID=GL000229.1,length=19913,assembly=GRCh37>",
			"##contig=<ID=GL000226.1,length=15008,assembly=GRCh37>",
			"##contig=<ID=GL000207.1,length=4262,assembly=GRCh37>",
			"##reference=file:///home1/data/genomes/GRCh37/Homo_sapiens.GRCh37.dna.primary_assembly.fa"
		]
	},
	"VCF_COLUMNS": {
		"#CHROM": "#Chrom",
		"POS": "Start",
		"ID": "",
		"REF": [
			"HELPER_FUNCTION",
			"get_ref_from_canoes_bed",
			"#Chrom",
			"Start"
		],
		"ALT": [
			"HELPER_FUNCTION",
			"get_alt_from_canoes_bed",
			"SV type"
		],
		"QUAL": "",
		"FILTER": "",
		"INFO": {
			"SVTYPE": "SV type",
			"SVLEN": [
				"HELPER_FUNCTION",
				"get_svlen_from_decon",
				"Start",
				"End"
			],
			"END": "End"
		},
		"FORMAT": {
			"GT": ""
		},
		"SAMPLE": "Samples_ID"
	},
	"COLUMNS_DESCRIPTION": {
		"ALT": {
			"DUP": "Duplication",
			"DEL": "Deletion"
		},
		"INFO": {
			"SVTYPE": {
				"Type": "String",
				"Number": "1",
				"Description": "Type of structural variant"
			},
			"SVLEN": {
				"Type": "Integer",
				"Number": "1",
				"Description": "Difference in length between REF and ALT positions"
			},
			"END": {
				"Type": "Integer",
				"Number": "1",
				"Description": "Second breakpoint of the SV, for SVs given in a single record"
			}
		},
		"FORMAT": {
			"GT": {
				"Type": "String",
				"Number": "1",
				"Description": "Genotype"
			}
		}
	}
}