{
	"GENERAL": {
		"origin": "star-fusion",
		"input_format": "breakpoints",
		"output_format": "vcf",
		"skip_rows": 0,
		"comment": "",
		"unique_variant_id": [
			"#FusionName",
			"LeftBreakpoint",
			"RightBreakpoint"
		],
		"default_genotype": "0/1"
	},
	"GENOME": {
		"assembly": "GRCh38",
		"path": "/home1/data/genomes/GRCh38/Homo_sapiens.GRCh38.dna.primary_assembly.fa",
		"vcf_header": [
			"##contig=<ID=1,length=248956422,assembly=GRCh38>",
			"##contig=<ID=10,length=133797422,assembly=GRCh38>",
			"##contig=<ID=11,length=135086622,assembly=GRCh38>",
			"##contig=<ID=12,length=133275309,assembly=GRCh38>",
			"##contig=<ID=13,length=114364328,assembly=GRCh38>",
			"##contig=<ID=14,length=107043718,assembly=GRCh38>",
			"##contig=<ID=15,length=101991189,assembly=GRCh38>",
			"##contig=<ID=16,length=90338345,assembly=GRCh38>",
			"##contig=<ID=17,length=83257441,assembly=GRCh38>",
			"##contig=<ID=18,length=80373285,assembly=GRCh38>",
			"##contig=<ID=19,length=58617616,assembly=GRCh38>",
			"##contig=<ID=2,length=242193529,assembly=GRCh38>",
			"##contig=<ID=20,length=64444167,assembly=GRCh38>",
			"##contig=<ID=21,length=46709983,assembly=GRCh38>",
			"##contig=<ID=22,length=50818468,assembly=GRCh38>",
			"##contig=<ID=3,length=198295559,assembly=GRCh38>",
			"##contig=<ID=4,length=190214555,assembly=GRCh38>",
			"##contig=<ID=5,length=181538259,assembly=GRCh38>",
			"##contig=<ID=6,length=170805979,assembly=GRCh38>",
			"##contig=<ID=7,length=159345973,assembly=GRCh38>",
			"##contig=<ID=8,length=145138636,assembly=GRCh38>",
			"##contig=<ID=9,length=138394717,assembly=GRCh38>",
			"##contig=<ID=MT,length=16569,assembly=GRCh38>",
			"##contig=<ID=X,length=156040895,assembly=GRCh38>",
			"##contig=<ID=Y,length=57227415,assembly=GRCh38>",
			"##contig=<ID=KI270728.1,length=1872759,assembly=GRCh38>",
			"##contig=<ID=KI270727.1,length=448248,assembly=GRCh38>",
			"##contig=<ID=KI270442.1,length=392061,assembly=GRCh38>",
			"##contig=<ID=KI270729.1,length=280839,assembly=GRCh38>",
			"##contig=<ID=GL000225.1,length=211173,assembly=GRCh38>",
			"##contig=<ID=KI270743.1,length=210658,assembly=GRCh38>",
			"##contig=<ID=GL000008.2,length=209709,assembly=GRCh38>",
			"##contig=<ID=GL000009.2,length=201709,assembly=GRCh38>",
			"##contig=<ID=KI270747.1,length=198735,assembly=GRCh38>",
			"##contig=<ID=KI270722.1,length=194050,assembly=GRCh38>",
			"##contig=<ID=GL000194.1,length=191469,assembly=GRCh38>",
			"##contig=<ID=KI270742.1,length=186739,assembly=GRCh38>",
			"##contig=<ID=GL000205.2,length=185591,assembly=GRCh38>",
			"##contig=<ID=GL000195.1,length=182896,assembly=GRCh38>",
			"##contig=<ID=KI270736.1,length=181920,assembly=GRCh38>",
			"##contig=<ID=KI270733.1,length=179772,assembly=GRCh38>",
			"##contig=<ID=GL000224.1,length=179693,assembly=GRCh38>",
			"##contig=<ID=GL000219.1,length=179198,assembly=GRCh38>",
			"##contig=<ID=KI270719.1,length=176845,assembly=GRCh38>",
			"##contig=<ID=GL000216.2,length=176608,assembly=GRCh38>",
			"##contig=<ID=KI270712.1,length=176043,assembly=GRCh38>",
			"##contig=<ID=KI270706.1,length=175055,assembly=GRCh38>",
			"##contig=<ID=KI270725.1,length=172810,assembly=GRCh38>",
			"##contig=<ID=KI270744.1,length=168472,assembly=GRCh38>",
			"##contig=<ID=KI270734.1,length=165050,assembly=GRCh38>",
			"##contig=<ID=GL000213.1,length=164239,assembly=GRCh38>",
			"##contig=<ID=GL000220.1,length=161802,assembly=GRCh38>",
			"##contig=<ID=KI270715.1,length=161471,assembly=GRCh38>",
			"##contig=<ID=GL000218.1,length=161147,assembly=GRCh38>",
			"##contig=<ID=KI270749.1,length=158759,assembly=GRCh38>",
			"##contig=<ID=KI270741.1,length=157432,assembly=GRCh38>",
			"##contig=<ID=GL000221.1,length=155397,assembly=GRCh38>",
			"##contig=<ID=KI270716.1,length=153799,assembly=GRCh38>",
			"##contig=<ID=KI270731.1,length=150754,assembly=GRCh38>",
			"##contig=<ID=KI270751.1,length=150742,assembly=GRCh38>",
			"##contig=<ID=KI270750.1,length=148850,assembly=GRCh38>",
			"##contig=<ID=KI270519.1,length=138126,assembly=GRCh38>",
			"##contig=<ID=GL000214.1,length=137718,assembly=GRCh38>",
			"##contig=<ID=KI270708.1,length=127682,assembly=GRCh38>",
			"##contig=<ID=KI270730.1,length=112551,assembly=GRCh38>",
			"##contig=<ID=KI270438.1,length=112505,assembly=GRCh38>",
			"##contig=<ID=KI270737.1,length=103838,assembly=GRCh38>",
			"##contig=<ID=KI270721.1,length=100316,assembly=GRCh38>",
			"##contig=<ID=KI270738.1,length=99375,assembly=GRCh38>",
			"##contig=<ID=KI270748.1,length=93321,assembly=GRCh38>",
			"##contig=<ID=KI270435.1,length=92983,assembly=GRCh38>",
			"##contig=<ID=GL000208.1,length=92689,assembly=GRCh38>",
			"##contig=<ID=KI270538.1,length=91309,assembly=GRCh38>",
			"##contig=<ID=KI270756.1,length=79590,assembly=GRCh38>",
			"##contig=<ID=KI270739.1,length=73985,assembly=GRCh38>",
			"##contig=<ID=KI270757.1,length=71251,assembly=GRCh38>",
			"##contig=<ID=KI270709.1,length=66860,assembly=GRCh38>",
			"##contig=<ID=KI270746.1,length=66486,assembly=GRCh38>",
			"##contig=<ID=KI270753.1,length=62944,assembly=GRCh38>",
			"##contig=<ID=KI270589.1,length=44474,assembly=GRCh38>",
			"##contig=<ID=KI270726.1,length=43739,assembly=GRCh38>",
			"##contig=<ID=KI270735.1,length=42811,assembly=GRCh38>",
			"##contig=<ID=KI270711.1,length=42210,assembly=GRCh38>",
			"##contig=<ID=KI270745.1,length=41891,assembly=GRCh38>",
			"##contig=<ID=KI270714.1,length=41717,assembly=GRCh38>",
			"##contig=<ID=KI270732.1,length=41543,assembly=GRCh38>",
			"##contig=<ID=KI270713.1,length=40745,assembly=GRCh38>",
			"##contig=<ID=KI270754.1,length=40191,assembly=GRCh38>",
			"##contig=<ID=KI270710.1,length=40176,assembly=GRCh38>",
			"##contig=<ID=KI270717.1,length=40062,assembly=GRCh38>",
			"##contig=<ID=KI270724.1,length=39555,assembly=GRCh38>",
			"##contig=<ID=KI270720.1,length=39050,assembly=GRCh38>",
			"##contig=<ID=KI270723.1,length=38115,assembly=GRCh38>",
			"##contig=<ID=KI270718.1,length=38054,assembly=GRCh38>",
			"##contig=<ID=KI270317.1,length=37690,assembly=GRCh38>",
			"##contig=<ID=KI270740.1,length=37240,assembly=GRCh38>",
			"##contig=<ID=KI270755.1,length=36723,assembly=GRCh38>",
			"##contig=<ID=KI270707.1,length=32032,assembly=GRCh38>",
			"##contig=<ID=KI270579.1,length=31033,assembly=GRCh38>",
			"##contig=<ID=KI270752.1,length=27745,assembly=GRCh38>",
			"##contig=<ID=KI270512.1,length=22689,assembly=GRCh38>",
			"##contig=<ID=KI270322.1,length=21476,assembly=GRCh38>",
			"##contig=<ID=GL000226.1,length=15008,assembly=GRCh38>",
			"##contig=<ID=KI270311.1,length=12399,assembly=GRCh38>",
			"##contig=<ID=KI270366.1,length=8320,assembly=GRCh38>",
			"##contig=<ID=KI270511.1,length=8127,assembly=GRCh38>",
			"##contig=<ID=KI270448.1,length=7992,assembly=GRCh38>",
			"##contig=<ID=KI270521.1,length=7642,assembly=GRCh38>",
			"##contig=<ID=KI270581.1,length=7046,assembly=GRCh38>",
			"##contig=<ID=KI270582.1,length=6504,assembly=GRCh38>",
			"##contig=<ID=KI270515.1,length=6361,assembly=GRCh38>",
			"##contig=<ID=KI270588.1,length=6158,assembly=GRCh38>",
			"##contig=<ID=KI270591.1,length=5796,assembly=GRCh38>",
			"##contig=<ID=KI270522.1,length=5674,assembly=GRCh38>",
			"##contig=<ID=KI270507.1,length=5353,assembly=GRCh38>",
			"##contig=<ID=KI270590.1,length=4685,assembly=GRCh38>",
			"##contig=<ID=KI270584.1,length=4513,assembly=GRCh38>",
			"##contig=<ID=KI270320.1,length=4416,assembly=GRCh38>",
			"##contig=<ID=KI270382.1,length=4215,assembly=GRCh38>",
			"##contig=<ID=KI270468.1,length=4055,assembly=GRCh38>",
			"##contig=<ID=KI270467.1,length=3920,assembly=GRCh38>",
			"##contig=<ID=KI270362.1,length=3530,assembly=GRCh38>",
			"##contig=<ID=KI270517.1,length=3253,assembly=GRCh38>",
			"##contig=<ID=KI270593.1,length=3041,assembly=GRCh38>",
			"##contig=<ID=KI270528.1,length=2983,assembly=GRCh38>",
			"##contig=<ID=KI270587.1,length=2969,assembly=GRCh38>",
			"##contig=<ID=KI270364.1,length=2855,assembly=GRCh38>",
			"##contig=<ID=KI270371.1,length=2805,assembly=GRCh38>",
			"##contig=<ID=KI270333.1,length=2699,assembly=GRCh38>",
			"##contig=<ID=KI270374.1,length=2656,assembly=GRCh38>",
			"##contig=<ID=KI270411.1,length=2646,assembly=GRCh38>",
			"##contig=<ID=KI270414.1,length=2489,assembly=GRCh38>",
			"##contig=<ID=KI270510.1,length=2415,assembly=GRCh38>",
			"##contig=<ID=KI270390.1,length=2387,assembly=GRCh38>",
			"##contig=<ID=KI270375.1,length=2378,assembly=GRCh38>",
			"##contig=<ID=KI270420.1,length=2321,assembly=GRCh38>",
			"##contig=<ID=KI270509.1,length=2318,assembly=GRCh38>",
			"##contig=<ID=KI270315.1,length=2276,assembly=GRCh38>",
			"##contig=<ID=KI270302.1,length=2274,assembly=GRCh38>",
			"##contig=<ID=KI270518.1,length=2186,assembly=GRCh38>",
			"##contig=<ID=KI270530.1,length=2168,assembly=GRCh38>",
			"##contig=<ID=KI270304.1,length=2165,assembly=GRCh38>",
			"##contig=<ID=KI270418.1,length=2145,assembly=GRCh38>",
			"##contig=<ID=KI270424.1,length=2140,assembly=GRCh38>",
			"##contig=<ID=KI270417.1,length=2043,assembly=GRCh38>",
			"##contig=<ID=KI270508.1,length=1951,assembly=GRCh38>",
			"##contig=<ID=KI270303.1,length=1942,assembly=GRCh38>",
			"##contig=<ID=KI270381.1,length=1930,assembly=GRCh38>",
			"##contig=<ID=KI270529.1,length=1899,assembly=GRCh38>",
			"##contig=<ID=KI270425.1,length=1884,assembly=GRCh38>",
			"##contig=<ID=KI270396.1,length=1880,assembly=GRCh38>",
			"##contig=<ID=KI270363.1,length=1803,assembly=GRCh38>",
			"##contig=<ID=KI270386.1,length=1788,assembly=GRCh38>",
			"##contig=<ID=KI270465.1,length=1774,assembly=GRCh38>",
			"##contig=<ID=KI270383.1,length=1750,assembly=GRCh38>",
			"##contig=<ID=KI270384.1,length=1658,assembly=GRCh38>",
			"##contig=<ID=KI270330.1,length=1652,assembly=GRCh38>",
			"##contig=<ID=KI270372.1,length=1650,assembly=GRCh38>",
			"##contig=<ID=KI270548.1,length=1599,assembly=GRCh38>",
			"##contig=<ID=KI270580.1,length=1553,assembly=GRCh38>",
			"##contig=<ID=KI270387.1,length=1537,assembly=GRCh38>",
			"##contig=<ID=KI270391.1,length=1484,assembly=GRCh38>",
			"##contig=<ID=KI270305.1,length=1472,assembly=GRCh38>",
			"##contig=<ID=KI270373.1,length=1451,assembly=GRCh38>",
			"##contig=<ID=KI270422.1,length=1445,assembly=GRCh38>",
			"##contig=<ID=KI270316.1,length=1444,assembly=GRCh38>",
			"##contig=<ID=KI270340.1,length=1428,assembly=GRCh38>",
			"##contig=<ID=KI270338.1,length=1428,assembly=GRCh38>",
			"##contig=<ID=KI270583.1,length=1400,assembly=GRCh38>",
			"##contig=<ID=KI270334.1,length=1368,assembly=GRCh38>",
			"##contig=<ID=KI270429.1,length=1361,assembly=GRCh38>",
			"##contig=<ID=KI270393.1,length=1308,assembly=GRCh38>",
			"##contig=<ID=KI270516.1,length=1300,assembly=GRCh38>",
			"##contig=<ID=KI270389.1,length=1298,assembly=GRCh38>",
			"##contig=<ID=KI270466.1,length=1233,assembly=GRCh38>",
			"##contig=<ID=KI270388.1,length=1216,assembly=GRCh38>",
			"##contig=<ID=KI270544.1,length=1202,assembly=GRCh38>",
			"##contig=<ID=KI270310.1,length=1201,assembly=GRCh38>",
			"##contig=<ID=KI270412.1,length=1179,assembly=GRCh38>",
			"##contig=<ID=KI270395.1,length=1143,assembly=GRCh38>",
			"##contig=<ID=KI270376.1,length=1136,assembly=GRCh38>",
			"##contig=<ID=KI270337.1,length=1121,assembly=GRCh38>",
			"##contig=<ID=KI270335.1,length=1048,assembly=GRCh38>",
			"##contig=<ID=KI270378.1,length=1048,assembly=GRCh38>",
			"##contig=<ID=KI270379.1,length=1045,assembly=GRCh38>",
			"##contig=<ID=KI270329.1,length=1040,assembly=GRCh38>",
			"##contig=<ID=KI270419.1,length=1029,assembly=GRCh38>",
			"##contig=<ID=KI270336.1,length=1026,assembly=GRCh38>",
			"##contig=<ID=KI270312.1,length=998,assembly=GRCh38>",
			"##contig=<ID=KI270539.1,length=993,assembly=GRCh38>",
			"##contig=<ID=KI270385.1,length=990,assembly=GRCh38>",
			"##contig=<ID=KI270423.1,length=981,assembly=GRCh38>",
			"##contig=<ID=KI270392.1,length=971,assembly=GRCh38>",
			"##contig=<ID=KI270394.1,length=970,assembly=GRCh38>",
			"##reference=file:///home1/data/genomes/GRCh38/Homo_sapiens.GRCh38.dna.primary_assembly.fa"
		]
	},
	"VCF_COLUMNS": {
		"#CHROM": [
			"HELPER_FUNCTION",
			"get_chr_from_breakpoint",
			"LeftBreakpoint",
			"RightBreakpoint"
		],
		"POS": [
			"HELPER_FUNCTION",
			"get_pos_from_breakpoint",
			"LeftBreakpoint",
			"RightBreakpoint"
		],
		"ID": "",
		"REF": [
			"HELPER_FUNCTION",
			"get_ref_from_breakpoint",
			"LeftBreakpoint",
			"RightBreakpoint"
		],
		"ALT": [
			"HELPER_FUNCTION",
			"get_alt_from_star_breakpoint",
			"LeftBreakpoint",
			"RightBreakpoint"
		],
		"QUAL": "",
		"FILTER": "",
		"INFO": {
			"FusionName": "#FusionName",
			"JunctionReadCount": "JunctionReadCount",
			"SpanningFragCount": "SpanningFragCount",
			"est_J": "est_J",
			"est_S": "est_S",
			"SpliceType": "SpliceType",
			"LeftGene": "LeftGene",
			"LeftBreakpoint": "LeftBreakpoint",
			"RightGene": "RightGene",
			"RightBreakpoint": "RightBreakpoint",
			"LargeAnchorSupport": "LargeAnchorSupport",
			"FFPM": "FFPM",
			"LeftBreakDinuc": "LeftBreakDinuc",
			"LeftBreakEntropy": "LeftBreakEntropy",
			"RightBreakDinuc": "RightBreakDinuc",
			"RightBreakEntropy": "RightBreakEntropy",
			"Annots": [
				"HELPER_FUNCTION",
				"readable_starfusion_annots",
				"annots"
			]
		},
		"FORMAT": {
			"GT": ""
		},
		"SAMPLE": ""
	},
	"COLUMNS_DESCRIPTION": {
		"INFO": {
			"FusionName": {
				"Type": "String",
				"Number": "1",
				"Description": "Fusion name"
			},
			"JunctionReadCount": {
				"Type": "Integer",
				"Number": "1",
				"Description": "Number of RNA-Seq fragments containing a read that aligns as a split read at the site of the putative fusion junction"
			},
			"SpanningFragCount": {
				"Type": "Integer",
				"Number": "1",
				"Description": "Number of RNA-Seq fragments that encompass the fusion junction such that one read of the pair aligns to a different gene than the other paired-end read of that fragment"
			},
			"est_J": {
				"Type": "Float",
				"Number": "1",
				"Description": "Estimated read counts for junction reads, taking into account multiple-mappings and multiple candidate fusion isoforms where read evidence is shared among them (involving read-to-fusion-isoform mapping uncertainty). Fusion expression levels (FFPM) are based on est_J and est_S values"
			},
			"est_S": {
				"Type": "Float",
				"Number": "1",
				"Description": "Estimated read counts for split reads, taking into account multiple-mappings and multiple candidate fusion isoforms where read evidence is shared among them (involving read-to-fusion-isoform mapping uncertainty). Fusion expression levels (FFPM) are based on est_J and est_S values"
			},
			"SpliceType": {
				"Type": "String",
				"Number": "1",
				"Description": "Indicates whether the proposed breakpoint occurs at reference exon junctions as provided by the reference transcript structure annotations (ex. gencode)"
			},
			"LeftGene": {
				"Type": "String",
				"Number": "1",
				"Description": "Left gene name"
			},
			"LeftBreakpoint": {
				"Type": "String",
				"Number": "1",
				"Description": "Left breakpoint"
			},
			"RightGene": {
				"Type": "String",
				"Number": "1",
				"Description": "Right gene name"
			},
			"RightBreakpoint": {
				"Type": "String",
				"Number": "1",
				"Description": "Right breakpoint"
			},
			"LargeAnchorSupport": {
				"Type": "String",
				"Number": "1",
				"Description": " Indicates whether there are split reads that provide 'long' (set to length of 25 bases) alignments on both sides of the putative breakpoint. Those fusions supported only by split reads (no spanning fragments) and lack LargeAnchorSupport are often highly suspicious and tend to be false positives. Those with LargeAnchorSupport are labeled as 'YES_LDAS' (where LDAS = long double anchor support)"
			},
			"FFPM": {
				"Type": "Float",
				"Number": "1",
				"Description": " FFPM (fusion fragments per million total reads) are a normalized measure of the fusion-supporting rna-seq fragments. The number of fusion-supporting reads depends on the expression of the fusion transcript and the number of reads sequenced. The deeper the sequenced data set, the greater the number of artifactual fusions. The default filter, which tends to be effective at excluding artifacts, is 0.1 sum FFPM (meaning at least 1 fusion-supporting rna-seq fragment per 10M total reads)."
			},
			"LeftBreakDinuc": {
				"Type": "String",
				"Number": "1",
				"Description": "LeftBreakDinuc"
			},
			"LeftBreakEntropy": {
				"Type": "Float",
				"Number": "1",
				"Description": "Represents the Shannon entropy of the 15 exonic bases flanking the breakpoint. The maximum entropy is 2, representing highest complexity. The lowest would be zero (involving a 15 base mononucleotide run). Low entropy sites should generally be treated as less confident breakpoints."
			},
			"RightBreakDinuc": {
				"Type": "String",
				"Number": "1",
				"Description": "RightBreakDinuc"
			},
			"RightBreakEntropy": {
				"Type": "Float",
				"Number": "1",
				"Description": "Represents the Shannon entropy of the 15 exonic bases flanking the breakpoint. The maximum entropy is 2, representing highest complexity. The lowest would be zero (involving a 15 base mononucleotide run). Low entropy sites should generally be treated as less confident breakpoints."
			},
			"Annots": {
				"Type": "String",
				"Number": ".",
				"Description": "Provides a simplified annotation using FusionAnnotator and based on CTAT_HumanFusionLib, which includes many popular resources for annotating fusions known to be relevant to cancer. It also allows to filter out fusions based on known 'red herring' categories (described here: https://github.com/FusionAnnotator/CTAT_HumanFusionLib/wiki ) in addition to fusions involving mitochondrial genes or HLA loci (common artifacts)."
			}
		},
		"FORMAT": {
			"GT": {
				"Type": "String",
				"Number": "1",
				"Description": "Genotype"
			}
		}
	}
}