{
	"GENERAL": {
		"origin": "VaRank",
		"input_format": "varank",
		"output_format": "vcf",
		"skip_rows": 2,
		"comment": "",
		"varank_filename_ends": [
			"_hg19_allVariants.rankingByVar.tsv",
			"_hg19_allVariants.rankingByGene.tsv",
			"_hg19_filteredVariants.rankingByVar.tsv",
			"_hg19_filteredVariants.rankingByGene.tsv"
		]
	},
	"GENOME": {
		"assembly": "GRCh38",
		"vcf_header": [
			"##contig=<ID=1,length=248956422,assembly=GRCh38>",
			"##contig=<ID=10,length=133797422,assembly=GRCh38>",
			"##contig=<ID=11,length=135086622,assembly=GRCh38>",
			"##contig=<ID=12,length=133275309,assembly=GRCh38>",
			"##contig=<ID=13,length=114364328,assembly=GRCh38>",
			"##contig=<ID=14,length=107043718,assembly=GRCh38>",
			"##contig=<ID=15,length=101991189,assembly=GRCh38>",
			"##contig=<ID=16,length=90338345,assembly=GRCh38>",
			"##contig=<ID=17,length=83257441,assembly=GRCh38>",
			"##contig=<ID=18,length=80373285,assembly=GRCh38>",
			"##contig=<ID=19,length=58617616,assembly=GRCh38>",
			"##contig=<ID=2,length=242193529,assembly=GRCh38>",
			"##contig=<ID=20,length=64444167,assembly=GRCh38>",
			"##contig=<ID=21,length=46709983,assembly=GRCh38>",
			"##contig=<ID=22,length=50818468,assembly=GRCh38>",
			"##contig=<ID=3,length=198295559,assembly=GRCh38>",
			"##contig=<ID=4,length=190214555,assembly=GRCh38>",
			"##contig=<ID=5,length=181538259,assembly=GRCh38>",
			"##contig=<ID=6,length=170805979,assembly=GRCh38>",
			"##contig=<ID=7,length=159345973,assembly=GRCh38>",
			"##contig=<ID=8,length=145138636,assembly=GRCh38>",
			"##contig=<ID=9,length=138394717,assembly=GRCh38>",
			"##contig=<ID=MT,length=16569,assembly=GRCh38>",
			"##contig=<ID=X,length=156040895,assembly=GRCh38>",
			"##contig=<ID=Y,length=57227415,assembly=GRCh38>",
			"##contig=<ID=KI270728.1,length=1872759,assembly=GRCh38>",
			"##contig=<ID=KI270727.1,length=448248,assembly=GRCh38>",
			"##contig=<ID=KI270442.1,length=392061,assembly=GRCh38>",
			"##contig=<ID=KI270729.1,length=280839,assembly=GRCh38>",
			"##contig=<ID=GL000225.1,length=211173,assembly=GRCh38>",
			"##contig=<ID=KI270743.1,length=210658,assembly=GRCh38>",
			"##contig=<ID=GL000008.2,length=209709,assembly=GRCh38>",
			"##contig=<ID=GL000009.2,length=201709,assembly=GRCh38>",
			"##contig=<ID=KI270747.1,length=198735,assembly=GRCh38>",
			"##contig=<ID=KI270722.1,length=194050,assembly=GRCh38>",
			"##contig=<ID=GL000194.1,length=191469,assembly=GRCh38>",
			"##contig=<ID=KI270742.1,length=186739,assembly=GRCh38>",
			"##contig=<ID=GL000205.2,length=185591,assembly=GRCh38>",
			"##contig=<ID=GL000195.1,length=182896,assembly=GRCh38>",
			"##contig=<ID=KI270736.1,length=181920,assembly=GRCh38>",
			"##contig=<ID=KI270733.1,length=179772,assembly=GRCh38>",
			"##contig=<ID=GL000224.1,length=179693,assembly=GRCh38>",
			"##contig=<ID=GL000219.1,length=179198,assembly=GRCh38>",
			"##contig=<ID=KI270719.1,length=176845,assembly=GRCh38>",
			"##contig=<ID=GL000216.2,length=176608,assembly=GRCh38>",
			"##contig=<ID=KI270712.1,length=176043,assembly=GRCh38>",
			"##contig=<ID=KI270706.1,length=175055,assembly=GRCh38>",
			"##contig=<ID=KI270725.1,length=172810,assembly=GRCh38>",
			"##contig=<ID=KI270744.1,length=168472,assembly=GRCh38>",
			"##contig=<ID=KI270734.1,length=165050,assembly=GRCh38>",
			"##contig=<ID=GL000213.1,length=164239,assembly=GRCh38>",
			"##contig=<ID=GL000220.1,length=161802,assembly=GRCh38>",
			"##contig=<ID=KI270715.1,length=161471,assembly=GRCh38>",
			"##contig=<ID=GL000218.1,length=161147,assembly=GRCh38>",
			"##contig=<ID=KI270749.1,length=158759,assembly=GRCh38>",
			"##contig=<ID=KI270741.1,length=157432,assembly=GRCh38>",
			"##contig=<ID=GL000221.1,length=155397,assembly=GRCh38>",
			"##contig=<ID=KI270716.1,length=153799,assembly=GRCh38>",
			"##contig=<ID=KI270731.1,length=150754,assembly=GRCh38>",
			"##contig=<ID=KI270751.1,length=150742,assembly=GRCh38>",
			"##contig=<ID=KI270750.1,length=148850,assembly=GRCh38>",
			"##contig=<ID=KI270519.1,length=138126,assembly=GRCh38>",
			"##contig=<ID=GL000214.1,length=137718,assembly=GRCh38>",
			"##contig=<ID=KI270708.1,length=127682,assembly=GRCh38>",
			"##contig=<ID=KI270730.1,length=112551,assembly=GRCh38>",
			"##contig=<ID=KI270438.1,length=112505,assembly=GRCh38>",
			"##contig=<ID=KI270737.1,length=103838,assembly=GRCh38>",
			"##contig=<ID=KI270721.1,length=100316,assembly=GRCh38>",
			"##contig=<ID=KI270738.1,length=99375,assembly=GRCh38>",
			"##contig=<ID=KI270748.1,length=93321,assembly=GRCh38>",
			"##contig=<ID=KI270435.1,length=92983,assembly=GRCh38>",
			"##contig=<ID=GL000208.1,length=92689,assembly=GRCh38>",
			"##contig=<ID=KI270538.1,length=91309,assembly=GRCh38>",
			"##contig=<ID=KI270756.1,length=79590,assembly=GRCh38>",
			"##contig=<ID=KI270739.1,length=73985,assembly=GRCh38>",
			"##contig=<ID=KI270757.1,length=71251,assembly=GRCh38>",
			"##contig=<ID=KI270709.1,length=66860,assembly=GRCh38>",
			"##contig=<ID=KI270746.1,length=66486,assembly=GRCh38>",
			"##contig=<ID=KI270753.1,length=62944,assembly=GRCh38>",
			"##contig=<ID=KI270589.1,length=44474,assembly=GRCh38>",
			"##contig=<ID=KI270726.1,length=43739,assembly=GRCh38>",
			"##contig=<ID=KI270735.1,length=42811,assembly=GRCh38>",
			"##contig=<ID=KI270711.1,length=42210,assembly=GRCh38>",
			"##contig=<ID=KI270745.1,length=41891,assembly=GRCh38>",
			"##contig=<ID=KI270714.1,length=41717,assembly=GRCh38>",
			"##contig=<ID=KI270732.1,length=41543,assembly=GRCh38>",
			"##contig=<ID=KI270713.1,length=40745,assembly=GRCh38>",
			"##contig=<ID=KI270754.1,length=40191,assembly=GRCh38>",
			"##contig=<ID=KI270710.1,length=40176,assembly=GRCh38>",
			"##contig=<ID=KI270717.1,length=40062,assembly=GRCh38>",
			"##contig=<ID=KI270724.1,length=39555,assembly=GRCh38>",
			"##contig=<ID=KI270720.1,length=39050,assembly=GRCh38>",
			"##contig=<ID=KI270723.1,length=38115,assembly=GRCh38>",
			"##contig=<ID=KI270718.1,length=38054,assembly=GRCh38>",
			"##contig=<ID=KI270317.1,length=37690,assembly=GRCh38>",
			"##contig=<ID=KI270740.1,length=37240,assembly=GRCh38>",
			"##contig=<ID=KI270755.1,length=36723,assembly=GRCh38>",
			"##contig=<ID=KI270707.1,length=32032,assembly=GRCh38>",
			"##contig=<ID=KI270579.1,length=31033,assembly=GRCh38>",
			"##contig=<ID=KI270752.1,length=27745,assembly=GRCh38>",
			"##contig=<ID=KI270512.1,length=22689,assembly=GRCh38>",
			"##contig=<ID=KI270322.1,length=21476,assembly=GRCh38>",
			"##contig=<ID=GL000226.1,length=15008,assembly=GRCh38>",
			"##contig=<ID=KI270311.1,length=12399,assembly=GRCh38>",
			"##contig=<ID=KI270366.1,length=8320,assembly=GRCh38>",
			"##contig=<ID=KI270511.1,length=8127,assembly=GRCh38>",
			"##contig=<ID=KI270448.1,length=7992,assembly=GRCh38>",
			"##contig=<ID=KI270521.1,length=7642,assembly=GRCh38>",
			"##contig=<ID=KI270581.1,length=7046,assembly=GRCh38>",
			"##contig=<ID=KI270582.1,length=6504,assembly=GRCh38>",
			"##contig=<ID=KI270515.1,length=6361,assembly=GRCh38>",
			"##contig=<ID=KI270588.1,length=6158,assembly=GRCh38>",
			"##contig=<ID=KI270591.1,length=5796,assembly=GRCh38>",
			"##contig=<ID=KI270522.1,length=5674,assembly=GRCh38>",
			"##contig=<ID=KI270507.1,length=5353,assembly=GRCh38>",
			"##contig=<ID=KI270590.1,length=4685,assembly=GRCh38>",
			"##contig=<ID=KI270584.1,length=4513,assembly=GRCh38>",
			"##contig=<ID=KI270320.1,length=4416,assembly=GRCh38>",
			"##contig=<ID=KI270382.1,length=4215,assembly=GRCh38>",
			"##contig=<ID=KI270468.1,length=4055,assembly=GRCh38>",
			"##contig=<ID=KI270467.1,length=3920,assembly=GRCh38>",
			"##contig=<ID=KI270362.1,length=3530,assembly=GRCh38>",
			"##contig=<ID=KI270517.1,length=3253,assembly=GRCh38>",
			"##contig=<ID=KI270593.1,length=3041,assembly=GRCh38>",
			"##contig=<ID=KI270528.1,length=2983,assembly=GRCh38>",
			"##contig=<ID=KI270587.1,length=2969,assembly=GRCh38>",
			"##contig=<ID=KI270364.1,length=2855,assembly=GRCh38>",
			"##contig=<ID=KI270371.1,length=2805,assembly=GRCh38>",
			"##contig=<ID=KI270333.1,length=2699,assembly=GRCh38>",
			"##contig=<ID=KI270374.1,length=2656,assembly=GRCh38>",
			"##contig=<ID=KI270411.1,length=2646,assembly=GRCh38>",
			"##contig=<ID=KI270414.1,length=2489,assembly=GRCh38>",
			"##contig=<ID=KI270510.1,length=2415,assembly=GRCh38>",
			"##contig=<ID=KI270390.1,length=2387,assembly=GRCh38>",
			"##contig=<ID=KI270375.1,length=2378,assembly=GRCh38>",
			"##contig=<ID=KI270420.1,length=2321,assembly=GRCh38>",
			"##contig=<ID=KI270509.1,length=2318,assembly=GRCh38>",
			"##contig=<ID=KI270315.1,length=2276,assembly=GRCh38>",
			"##contig=<ID=KI270302.1,length=2274,assembly=GRCh38>",
			"##contig=<ID=KI270518.1,length=2186,assembly=GRCh38>",
			"##contig=<ID=KI270530.1,length=2168,assembly=GRCh38>",
			"##contig=<ID=KI270304.1,length=2165,assembly=GRCh38>",
			"##contig=<ID=KI270418.1,length=2145,assembly=GRCh38>",
			"##contig=<ID=KI270424.1,length=2140,assembly=GRCh38>",
			"##contig=<ID=KI270417.1,length=2043,assembly=GRCh38>",
			"##contig=<ID=KI270508.1,length=1951,assembly=GRCh38>",
			"##contig=<ID=KI270303.1,length=1942,assembly=GRCh38>",
			"##contig=<ID=KI270381.1,length=1930,assembly=GRCh38>",
			"##contig=<ID=KI270529.1,length=1899,assembly=GRCh38>",
			"##contig=<ID=KI270425.1,length=1884,assembly=GRCh38>",
			"##contig=<ID=KI270396.1,length=1880,assembly=GRCh38>",
			"##contig=<ID=KI270363.1,length=1803,assembly=GRCh38>",
			"##contig=<ID=KI270386.1,length=1788,assembly=GRCh38>",
			"##contig=<ID=KI270465.1,length=1774,assembly=GRCh38>",
			"##contig=<ID=KI270383.1,length=1750,assembly=GRCh38>",
			"##contig=<ID=KI270384.1,length=1658,assembly=GRCh38>",
			"##contig=<ID=KI270330.1,length=1652,assembly=GRCh38>",
			"##contig=<ID=KI270372.1,length=1650,assembly=GRCh38>",
			"##contig=<ID=KI270548.1,length=1599,assembly=GRCh38>",
			"##contig=<ID=KI270580.1,length=1553,assembly=GRCh38>",
			"##contig=<ID=KI270387.1,length=1537,assembly=GRCh38>",
			"##contig=<ID=KI270391.1,length=1484,assembly=GRCh38>",
			"##contig=<ID=KI270305.1,length=1472,assembly=GRCh38>",
			"##contig=<ID=KI270373.1,length=1451,assembly=GRCh38>",
			"##contig=<ID=KI270422.1,length=1445,assembly=GRCh38>",
			"##contig=<ID=KI270316.1,length=1444,assembly=GRCh38>",
			"##contig=<ID=KI270340.1,length=1428,assembly=GRCh38>",
			"##contig=<ID=KI270338.1,length=1428,assembly=GRCh38>",
			"##contig=<ID=KI270583.1,length=1400,assembly=GRCh38>",
			"##contig=<ID=KI270334.1,length=1368,assembly=GRCh38>",
			"##contig=<ID=KI270429.1,length=1361,assembly=GRCh38>",
			"##contig=<ID=KI270393.1,length=1308,assembly=GRCh38>",
			"##contig=<ID=KI270516.1,length=1300,assembly=GRCh38>",
			"##contig=<ID=KI270389.1,length=1298,assembly=GRCh38>",
			"##contig=<ID=KI270466.1,length=1233,assembly=GRCh38>",
			"##contig=<ID=KI270388.1,length=1216,assembly=GRCh38>",
			"##contig=<ID=KI270544.1,length=1202,assembly=GRCh38>",
			"##contig=<ID=KI270310.1,length=1201,assembly=GRCh38>",
			"##contig=<ID=KI270412.1,length=1179,assembly=GRCh38>",
			"##contig=<ID=KI270395.1,length=1143,assembly=GRCh38>",
			"##contig=<ID=KI270376.1,length=1136,assembly=GRCh38>",
			"##contig=<ID=KI270337.1,length=1121,assembly=GRCh38>",
			"##contig=<ID=KI270335.1,length=1048,assembly=GRCh38>",
			"##contig=<ID=KI270378.1,length=1048,assembly=GRCh38>",
			"##contig=<ID=KI270379.1,length=1045,assembly=GRCh38>",
			"##contig=<ID=KI270329.1,length=1040,assembly=GRCh38>",
			"##contig=<ID=KI270419.1,length=1029,assembly=GRCh38>",
			"##contig=<ID=KI270336.1,length=1026,assembly=GRCh38>",
			"##contig=<ID=KI270312.1,length=998,assembly=GRCh38>",
			"##contig=<ID=KI270539.1,length=993,assembly=GRCh38>",
			"##contig=<ID=KI270385.1,length=990,assembly=GRCh38>",
			"##contig=<ID=KI270423.1,length=981,assembly=GRCh38>",
			"##contig=<ID=KI270392.1,length=971,assembly=GRCh38>",
			"##contig=<ID=KI270394.1,length=970,assembly=GRCh38>",
			"##reference=file:///home1/data/genomes/GRCh38/Homo_sapiens.GRCh38.dna.primary_assembly.fa"
		],
		"path": "/home1/data/genomes/GRCh38/Homo_sapiens.GRCh38.dna.primary_assembly.fa"
	},
	"VCF_COLUMNS": {
		"#CHROM": "chr",
		"POS": "start",
		"ID": "rsId",
		"REF": "ref",
		"ALT": "alt",
		"QUAL": "QUALphred",
		"FORMAT": {
			"GT": [
				"HELPER_FUNCTION",
				"get_gt_from_varank",
				"zygosity"
			],
			"DP": "totalReadDepth",
			"AD": [
				"HELPER_FUNCTION",
				"get_ad_from_varank",
				"totalReadDepth",
				"varReadDepth"
			],
			"VAF": [
				"HELPER_FUNCTION",
				"get_vaf_from_varank",
				"varReadPercent"
			],
			"FindByPipelines": "FindByPipelines",
			"POOL_barcode": "BARCODE_2",
			"GMC": ""
		}
	},
	"COLUMNS_DESCRIPTION": {
		"INFO": {
			"variantID": {
				"Type": "String",
				"Description": "Variant identifier [#chr]_[genomicposition]_[RefBase]_[VarBase]"
			},
			"gene": {
				"Type": "String",
				"Description": "Gene symbol"
			},
			"geneDesc": {
				"Type": "String",
				"Description": "Gene description"
			},
			"omimId": {
				"Type": "String",
				"Description": "OMIM id"
			},
			"transcript": {
				"Type": "String",
				"Description": "RefSeq transcript id"
			},
			"strand": {
				"Type": "String",
				"Description": "Transcript strand"
			},
			"transLen": {
				"Type": "Float",
				"Description": "Length of transcript (full cDNA length)"
			},
			"cdsLen": {
				"Type": "String",
				"Description": "CDS length"
			},
			"chr": {
				"Type": "String",
				"Description": "Chromosome of variant"
			},
			"start": {
				"Type": "Float",
				"Description": "Start position of variant"
			},
			"end": {
				"Type": "Float",
				"Description": "End position of variant"
			},
			"ref": {
				"Type": "String",
				"Description": "Nucleotide sequence in the reference genome (restricted to 50bp)"
			},
			"alt": {
				"Type": "String",
				"Description": "Alternate nucleotide sequence (restricted to 50bp)"
			},
			"protein": {
				"Type": "String",
				"Description": "Protein ID (NCBI)"
			},
			"Uniprot": {
				"Type": "String",
				"Description": "UniProt ID"
			},
			"assembly": {
				"Type": "String",
				"Description": "Genome assembly"
			},
			"posAA": {
				"Type": "String",
				"Description": "Amino acid position"
			},
			"wtAA_1": {
				"Type": "String",
				"Description": "Reference codon"
			},
			"wtCodon": {
				"Type": "String",
				"Description": "WT codon"
			},
			"varAA_1": {
				"Type": "String",
				"Description": "Alternate codon"
			},
			"zygosity": {
				"Type": "String",
				"Description": "Homozygote or heterozygote status"
			},
			"totalReadDepth": {
				"Type": "String",
				"Description": "Total number of reads covering the position"
			},
			"varReadDepth": {
				"Type": "String",
				"Description": "Number of reads supporting the variant"
			},
			"readsVariationPercent": {
				"Type": "String",
				"Description": "Percent of reads supporting variant over those supporting reference sequence/base"
			},
			"QUALphred ": {
				"Type": "String",
				"Description": "QUAL: The Phred scaled probability that a REF/ALT polymorphism exists at this site given sequencing data. Because the Phred scale is -10*log(1-p), a value of 10 indicates a 1 in 10 chance of error, while a 100 indicates a 1 in 10^10 chance. These values can grow very large when a large amount of NGS data is used for variant calling."
			},
			"varType": {
				"Type": "String",
				"Description": "Variant Type (substitution, deletion, insertion, duplication, delins)"
			},
			"codingEffect": {
				"Type": "String",
				"Description": "Variant Coding effect (synonymous, missense, stop gain, in-frame, frameshift, start loss, stop loss)"
			},
			"varLocation": {
				"Type": "String",
				"Description": "Variant location (upstream, 5'UTR, exon, intron, 3'UTR, downstream)"
			},
			"exon": {
				"Type": "String",
				"Description": "Exon number (nearest exon if intronic variant)"
			},
			"intron": {
				"Type": "String",
				"Description": "Intron number"
			},
			"gDNAstart": {
				"Type": "String",
				"Description": "gDNA start"
			},
			"gDNAend": {
				"Type": "String",
				"Description": "gDNA end"
			},
			"gNomen": {
				"Type": "String",
				"Description": "Genomic-level nomenclature"
			},
			"cDNAstart": {
				"Type": "String",
				"Description": "cDNA start"
			},
			"cDNAend": {
				"Type": "String",
				"Description": "cDNA end"
			},
			"cNomen": {
				"Type": "String",
				"Description": "cDNA-level nomenclature"
			},
			"pNomen": {
				"Type": "String",
				"Description": "Protein-level nomenclature"
			},
			"clinVarIds": {
				"Type": "String",
				"Description": "List of ClinVar Ids separated by '|'"
			},
			"clinVarOrigins": {
				"Type": "String",
				"Description": "List of ClinVar origins separated by '|', values: germline, somatic, de novo, maternal..."
			},
			"clinVarMethods": {
				"Type": "String",
				"Description": "List of ClinVar methods separated by '|', values: clinical testing, research, literature only..."
			},
			"clinVarClinSignifs": {
				"Type": "String",
				"Description": "List of ClinVar clinical significances separated by '|'"
			},
			"clinVarReviewStatus": {
				"Type": "String",
				"Description": "List of ClinVar reviews separated by '|', number of stars (0-4)"
			},
			"clinVarPhenotypes": {
				"Type": "String",
				"Description": "List of ClinVar phenotypes Ids separated by '|'"
			},
			"rsId": {
				"Type": "String",
				"Description": "dbSNP variation"
			},
			"rsValidations": {
				"Type": "String",
				"Description": "dbSNP validated status"
			},
			"rsValidationNumber": {
				"Type": "String",
				"Description": "dbSNP number of validation categories"
			},
			"rsClinicalSignificance": {
				"Type": "String",
				"Description": "dbSNP variation clinical significance"
			},
			"rsAncestralAllele": {
				"Type": "String",
				"Description": "dbSNP ancestral allele"
			},
			"rsHeterozygosity": {
				"Type": "String",
				"Description": "dbSNP variation average heterozygosity"
			},
			"rsMAF": {
				"Type": "Float",
				"Description": "dbSNP variation global Minor Allele"
			},
			"rsMAFAllele": {
				"Type": "String",
				"Description": "dbSNP variation global minor allele"
			},
			"rsMAFCount": {
				"Type": "Float",
				"Description": "dbSNP variation sample size"
			},
			"1000g_AF": {
				"Type": "Float",
				"Description": "1000 genomes global allele frequency"
			},
			"1000g_AFR_AF": {
				"Type": "Float",
				"Description": "1000 genomes allele frequency in African population"
			},
			"1000g_SAS_AF": {
				"Type": "Float",
				"Description": "1000 genomes allele frequency in South Asian population"
			},
			"1000g_EAS_AF": {
				"Type": "Float",
				"Description": "1000 genomes allele frequency in East Asian population"
			},
			"1000g_EUR_AF": {
				"Type": "Float",
				"Description": "1000 genomes allele frequency in European population"
			},
			"1000g_AMR_AF": {
				"Type": "Float",
				"Description": "1000 genomes allele frequency in American population"
			},
			"GnomAD_pLI": {
				"Type": "Float",
				"Description": "Score computed by gnomAD indicating the probability that a gene is intolerant to a loss of function variation (Nonsense, splice acceptor/donor variants due to SNV/indel)"
			},
			"gnomadAltFreq_all": {
				"Type": "Float",
				"Description": "gnomAD alternate allele frequency (All populations)"
			},
			"gnomadHomCount_all": {
				"Type": "Float",
				"Description": "gnomAD homozygous genotype count (All populations)"
			},
			"gnomadHetCount_all": {
				"Type": "Float",
				"Description": "gnomAD heterozygous genotype count (All populations)"
			},
			"gnomadHemCount_all": {
				"Type": "Float",
				"Description": "gnomAD hemizygous genotype count (All populations)"
			},
			"gnomadAltFreq_afr": {
				"Type": "Float",
				"Description": "gnomAD alternate allele frequency (African)"
			},
			"gnomadHomCount_afr": {
				"Type": "Float",
				"Description": "gnomAD homozygous genotype count (African)"
			},
			"gnomadHetCount_afr": {
				"Type": "Float",
				"Description": "gnomAD heterozygous genotype count (African)"
			},
			"gnomadHemCount_afr": {
				"Type": "Float",
				"Description": "gnomAD hemizygous genotype count (African)"
			},
			"gnomadAltFreq_amr": {
				"Type": "Float",
				"Description": "gnomAD alternate allele frequency (Latino)"
			},
			"gnomadHomCount_amr": {
				"Type": "Float",
				"Description": "gnomAD homozygous genotype count (Latino)"
			},
			"gnomadHetCount_amr": {
				"Type": "Float",
				"Description": "gnomAD heterozygous genotype count (Latino)"
			},
			"gnomadHemCount_amr": {
				"Type": "Float",
				"Description": "gnomAD hemizygous genotype count (Latino)"
			},
			"gnomadAltFreq_asj": {
				"Type": "Float",
				"Description": "gnomAD alternate allele frequency (Ashkenazy Jewish)"
			},
			"gnomadHomCount_asj": {
				"Type": "Float",
				"Description": "gnomAD homozygous genotype count (Ashkenazy Jewish)"
			},
			"gnomadHetCount_asj": {
				"Type": "Float",
				"Description": "gnomAD heterozygous genotype count (Ashkenazy Jewish)"
			},
			"gnomadHemCount_asj": {
				"Type": "Float",
				"Description": "gnomAD hemizygous genotype count (Ashkenazy Jewish)"
			},
			"gnomadAltFreq_eas": {
				"Type": "Float",
				"Description": "gnomAD alternate allele frequency (East Asian)"
			},
			"gnomadHomCount_eas": {
				"Type": "Float",
				"Description": "gnomAD homozygous genotype count (East Asian)"
			},
			"gnomadHetCount_eas": {
				"Type": "Float",
				"Description": "gnomAD heterozygous genotype count (East Asian)"
			},
			"gnomadHemCount_eas": {
				"Type": "Float",
				"Description": "gnomAD hemizygous genotype count (East Asian)"
			},
			"gnomadAltFreq_sas": {
				"Type": "Float",
				"Description": "gnomAD alternate allele frequency (South Asian)"
			},
			"gnomadHomCount_sas": {
				"Type": "Float",
				"Description": "gnomAD homozygous genotype count (South Asian)"
			},
			"gnomadHetCount_sas": {
				"Type": "Float",
				"Description": "gnomAD heterozygous genotype count (South Asian)"
			},
			"gnomadHemCount_sas": {
				"Type": "Float",
				"Description": "gnomAD hemizygous genotype count (South Asian)"
			},
			"gnomadAltFreq_nfe": {
				"Type": "Float",
				"Description": "gnomAD alternate allele frequency (Non-Finnish European)"
			},
			"gnomadHomCount_nfe": {
				"Type": "Float",
				"Description": "gnomAD homozygous genotype count (Non-Finnish European)"
			},
			"gnomadHetCount_nfe": {
				"Type": "Float",
				"Description": "gnomAD heterozygous genotype count (Non-Finnish European)"
			},
			"gnomadHemCount_nfe": {
				"Type": "Float",
				"Description": "gnomAD hemizygous genotype count (Non-Finnish European)"
			},
			"gnomadAltFreq_fin": {
				"Type": "Float",
				"Description": "gnomAD alternate allele frequency (Finnish European)"
			},
			"gnomadHomCount_fin": {
				"Type": "Float",
				"Description": "gnomAD homozygous genotype count (Finnish European)"
			},
			"gnomadHetCount_fin": {
				"Type": "Float",
				"Description": "gnomAD heterozygous genotype count (Finnish European)"
			},
			"gnomadHemCount_fin": {
				"Type": "Float",
				"Description": "gnomAD hemizygous genotype count (Finnish European)"
			},
			"gnomadAltFreq_oth": {
				"Type": "Float",
				"Description": "gnomAD alternate allele frequency (Other populations)"
			},
			"gnomadHomCount_oth": {
				"Type": "Float",
				"Description": "gnomAD homozygous genotype count (Other populations)"
			},
			"gnomadHetCount_oth": {
				"Type": "Float",
				"Description": "gnomAD heterozygous genotype count (Other populations)"
			},
			"gnomadHemCount_oth": {
				"Type": "Float",
				"Description": "gnomAD hemizygous genotype count (Other populations)"
			},
			"gnomadAltFreq_popmax": {
				"Type": "Float",
				"Description": "gnomAD alternate allele frequency (Maximum Allele Frequency across populations, excluding OTH)"
			},
			"gnomadHomCount_popmax": {
				"Type": "Float",
				"Description": "gnomAD homozygous genotype count (Maximum Allele Frequency across populations, excluding OTH)"
			},
			"gnomadHetCount_popmax": {
				"Type": "Float",
				"Description": "gnomAD heterozygous genotype count (Maximum Allele Frequency across populations, excluding OTH)"
			},
			"gnomadHemCount_popmax": {
				"Type": "Float",
				"Description": "gnomAD hemizygous genotype count (Maximum Allele Frequency across populations, excluding OTH)"
			},
			"gnomadFilter": {
				"Type": "String",
				"Description": "gnomAD VCF filter value (AC0, PASS, RF...)"
			},
			"gnomadReadDepth": {
				"Type": "String",
				"Description": "gnomAD read depth"
			},
			"gnomadOrigin": {
				"Type": "String",
				"Description": "gnomAD variant origin (Exomes, genomes, or both)"
			},
			"deltaMaxEntScorePercent": {
				"Type": "Float",
				"Description": "% difference between the splice score of variant with the score of the reference base"
			},
			"ExAC_cnvZ": {
				"Type": "Float",
				"Description": "Positive cnvZ_ExAC (Z score) from ExAC indicate gene intolerance to CNV"
			},
			"ExAC_delZ": {
				"Type": "Float",
				"Description": "Positive delZ_ExAC (Z score) from ExAC indicate gene intolerance to deletion"
			},
			"ExAC_dupZ": {
				"Type": "Float",
				"Description": "Positive dupZ_ExAC (Z score) from ExAC indicate gene intolerance to duplication"
			},
			"ExAC_misZ": {
				"Type": "Float",
				"Description": "Positive misZ_ExAC (Z score) from ExAC indicate gene intolerance to missense variation"
			},
			"ExAC_pLI": {
				"Type": "Float",
				"Description": "Score computed by ExAC indicating the probability that a gene is intolerant to a loss of function variation (Nonsense, splice acceptor/donor variants due to SNV/indel). ExAC consider pLI>=0.9 as an extremely LoF intolerant gene"
			},
			"ExAC_synZ": {
				"Type": "Float",
				"Description": "Positive synZ_ExAC (Z score) from ExAC indicate gene intolerance to synonymous variation"
			},
			"Exomiser_gene_pheno_score": {
				"Type": "Float",
				"Description": "Exomiser score for how close each overlapped gene is to the phenotype"
			},
			"Human_pheno_evidence": {
				"Type": "String",
				"Description": "Phenotypic evidence from Human model"
			},
			"Mouse_pheno_evidence": {
				"Type": "String",
				"Description": "Phenotypic evidence from Mouse model"
			},
			"Fish_pheno_evidence": {
				"Type": "String",
				"Description": "Phenotypic evidence from Fish model"
			},
			"wtMaxEntScore": {
				"Type": "Float",
				"Description": "WT seq. MaxEntScan score"
			},
			"varMaxEntScore": {
				"Type": "Float",
				"Description": "Variant seq. MaxEntScan score"
			},
			"deltaSSFscorePercent": {
				"Type": "Float",
				"Description": "% difference between the splice score of variant with the score of the reference base"
			},
			"wtSSFScore": {
				"Type": "Float",
				"Description": "WT seq. SpliceSiteFinder score"
			},
			"varSSFScore": {
				"Type": "Float",
				"Description": "Variant seq. SpliceSiteFinder score"
			},
			"deltaNNSscorePercent": {
				"Type": "Float",
				"Description": "% difference between the splice score of variant with the score of the reference base"
			},
			"wtNNSScore": {
				"Type": "Float",
				"Description": "WT seq. NNSPLICE score"
			},
			"varNNSScore": {
				"Type": "Float",
				"Description": "Variant seq. NNSPLICE score"
			},
			"distNearestSS": {
				"Type": "Float",
				"Description": "Distance to Nearest splice site"
			},
			"nearestSSChange": {
				"Type": "Float",
				"Description": "Nearest splice site change"
			},
			"nearestSSType": {
				"Type": "String",
				"Description": "Nearest splice site type"
			},
			"localSpliceEffect": {
				"Type": "String",
				"Description": "Splicing  effect  in  variation  vicinity  (New  donor  Site,  New  Acceptor  Site,  Cryptic  Donor  Strongly  Activated, Cryptic Donor Weakly Activated, Cryptic Acceptor Strongly Activated, Cryptic Acceptor Weakly Activated)"
			},
			"localSpliceAnnotation": {
				"Type": "String",
				"Description": "Splice site annotation: 'essential splice donor': variant in 5' SS at intronic position +1 or +2, 'essential splice acceptor': variant in 3' SS at intronic position -1 or -2, 'close splice donor': variant in 5' SS at position -3 to -1, +3 to +6, 'close splice acceptor': variant in 3' SS at position -12 to -2, and 0 to +2"
			},
			"localSS_pos": {
				"Type": "Float",
				"Description": "Genomic position of predicted new splice site or activated cryptic site"
			},
			"localSS_wtMaxEntScore": {
				"Type": "Float",
				"Description": "WT seq. MaxEntScan score used for local splice effect detection"
			},
			"localSS_wtNNSScore": {
				"Type": "Float",
				"Description": "WT seq. NNSPLICE score used for local splice effect detection"
			},
			"localSS_wtHSFScore": {
				"Type": "Float",
				"Description": "WT seq. HSF score used for local splice effect detection"
			},
			"localSS_varSSFScore": {
				"Type": "Float",
				"Description": "Variant seq. SSF score used for local splice effect detection"
			},
			"localSS_wtSSFScore": {
				"Type": "Float",
				"Description": "WT seq. SSF score used for local splice effect detection"
			},
			"localSS_varMaxEntScore": {
				"Type": "Float",
				"Description": "Variant seq. MaxEntScan score used for local splice effect detection"
			},
			"localSS_varNNSScore": {
				"Type": "Float",
				"Description": "Variant seq. NNSPLICE score used for local splice effect detection"
			},
			"localSS_varHSFScore": {
				"Type": "Float",
				"Description": "Variant seq. HSF score used for local splice effect detection"
			},
			"LOEUF_bin": {
				"Type": "Integer",
				"Description": "Minimal 'decile bin of LOEUF' for given transcripts of a gene (lower values indicate a more constrained gene). Compared to the pLI, this score is continuous."
			},
			"branchPointPos": {
				"Type": "Float",
				"Description": "Genomic position of affected putative branch point"
			},
			"branchPointChange": {
				"Type": "Float",
				"Description": "Change between WT and variant BP scores (range -5 to 100)"
			},
			"proteinDomain1": {
				"Type": "String",
				"Description": "Protein domain 1"
			},
			"proteinDomain2": {
				"Type": "String",
				"Description": "Protein domain 2"
			},
			"proteinDomain3": {
				"Type": "String",
				"Description": "Protein domain 3"
			},
			"proteinDomain4": {
				"Type": "String",
				"Description": "Protein domain 4"
			},
			"SIFTprediction": {
				"Type": "String",
				"Description": "SIFT prediction"
			},
			"SIFTweight": {
				"Type": "Float",
				"Description": "SIFT score ranges from 0 to 1. The amino acid substitution is predicted damaging is the score is <= 0.05, and tolerated if the score is > 0.05"
			},
			"SIFTmedian": {
				"Type": "Float",
				"Description": "SIFT median ranges from 0 to 4.32. This is used to measure the diversity of the sequences used for prediction. A warning will occur if this is greater than 3.25 because this indicates that the prediction was based on closely related sequences. The number should be between 2.75 and 3.5"
			},
			"PPH2pred": {
				"Type": "String",
				"Description": "PolyPhen-2 prediction using HumVar model are either 'neutral, possibly damaging, probably damaging' or 'neutral, deleterious' depending on the annotation engine."
			},
			"phyloP": {
				"Type": "Float",
				"Description": "phyloP score"
			},
			"phastCons": {
				"Type": "Float",
				"Description": "phastCons score"
			},
			"granthamDist": {
				"Type": "String",
				"Description": "Grantham distance"
			},
			"AGVGDclass": {
				"Type": "String",
				"Description": "AlignGVGD class"
			},
			"AGVGDgv": {
				"Type": "String",
				"Description": "AlignGVGD: variation (GV)"
			},
			"AGVGDgd": {
				"Type": "String",
				"Description": "AlignGVGD: deviation (GD)"
			},
			"vaRank_VarScore": {
				"Type": "String",
				"Description": "Prioritization score according to VaRank"
			},
			"annotationAnalysis": {
				"Type": "String",
				"Description": "Indicates the annotation status (value: Yes or No)"
			},
			"avgTotalDepth": {
				"Type": "Float",
				"Description": "Total read depth average at the variant position for all samples analyzed that have the variation"
			},
			"sdTotalDepth": {
				"Type": "Float",
				"Description": "Standard deviation associated with Avg_TotalDepth"
			},
			"countTotalDepth": {
				"Type": "Float",
				"Description": "Number of samples considered for the average total read depth"
			},
			"avgVariantDepth": {
				"Type": "String",
				"Description": "Variation read depth average at the variant position for all samples analyzed that have the variation"
			},
			"sdVariantDepth": {
				"Type": "String",
				"Description": "Standard deviation associated with Avg_SNVDepth"
			},
			"countVariantDepth": {
				"Type": "Float",
				"Description": "Number of samples considered for the average SNV read depth"
			},
			"DDD_consequence": {
				"Type": "String",
				"Description": "Deciphering Developmental Disorders (DDD) Study (Firth, et al., 2011)"
			},
			"DDD_disease": {
				"Type": "String",
				"Description": "Deciphering Developmental Disorders (DDD) Study (Firth, et al., 2011)"
			},
			"DDD_HI_percent": {
				"Type": "String",
				"Description": "Deciphering Developmental Disorders (DDD) Study (Firth, et al., 2011)"
			},
			"DDD_mode": {
				"Type": "String",
				"Description": "Deciphering Developmental Disorders (DDD) Study (Firth, et al., 2011)"
			},
			"DDD_pmid": {
				"Type": "String",
				"Description": "Deciphering Developmental Disorders (DDD) Study (Firth, et al., 2011)"
			},
			"DDD_status": {
				"Type": "String",
				"Description": "Deciphering Developmental Disorders (DDD) Study (Firth, et al., 2011)"
			},
			"familyBarcode": {
				"Type": "String",
				"Description": "Homozygote or heterozygote status for the sample of interest and its associated samples"
			},
			"barcode": {
				"Type": "String",
				"Description": "Homozygote or heterozygote status for all sample analyzed together (Hom: 2 ; Het: 1; Sample name is given at the first line of the file: ## Barcode)"
			},
			"homCount": {
				"Type": "Float",
				"Description": "Number of homozygote over all samples analyzed together"
			},
			"hetCount": {
				"Type": "Float",
				"Description": "Number of heterozygote over all samples analyzed together"
			},
			"alleleCount": {
				"Type": "String",
				"Description": "Number of alleles supporting the variant"
			},
			"sampleCount": {
				"Type": "Float",
				"Description": "Total number of samples"
			},
			"alleleFrequency": {
				"Type": "Float",
				"Description": "Allele frequency in all samples analyzed (with 4 decimals)"
			},
			"samVa": {
				"Type": "String",
				"Description": "Sample ID of the 10 first non WT variants, with their homozygote/heterozygote status"
			},
			"Annotation_Impact": {
				"Type": "String",
				"Description": "Estimation of putative impact / deleteriousness : {HIGH, MODERATE, LOW, MODIFIER}"
			},
			"Gene_ID": {
				"Type": "String",
				"Description": "Gene identifier"
			},
			"Feature_Type": {
				"Type": "String",
				"Description": "Which type of feature is in the next field (e.g. transcript, motif, miRNA, ...)"
			},
			"Feature_ID": {
				"Type": "String",
				"Description": "Transcript ID (preferably using version number), Motif ID, miRNA, ...)"
			},
			"Transcript_BioType": {
				"Type": "String",
				"Description": "The bare minimum is at least a description on whether the transcript is {'Coding', 'Noncoding'}"
			},
			"cDNA.pos": {
				"Type": "String",
				"Description": "Position in cDNA"
			},
			"cDNA.length": {
				"Type": "String",
				"Description": "Transcript's cDNA length"
			},
			"CDS.pos": {
				"Type": "String",
				"Description": "Position of coding bases"
			},
			"CDS.length": {
				"Type": "String",
				"Description": "Number of coding bases"
			},
			"AA.pos": {
				"Type": "String",
				"Description": "Position of AA"
			},
			"AA.length": {
				"Type": "String",
				"Description": "Number of AA"
			},
			"Distance": {
				"Type": "String",
				"Description": "Up/Downstream: Distance to first / last codon Intergenic: Distance to closest gene Distance to closest Intron boundary in exon (+/- up/downstream)"
			},
			"LOF": {
				"Type": "String",
				"Description": "Loss of function prediction"
			},
			"NMD": {
				"Type": "String",
				"Description": "Nonsense-mediated decay prediction"
			},
			"dbNSFP_1000Gp1_...": {
				"Type": "String",
				"Description": "1000 genomes allele frequency in ... population"
			},
			"dbNSFP_CADD_phred": {
				"Type": "String",
				"Description": "CADD phred score"
			},
			"dbNSFP_ExAC_..._AC": {
				"Type": "String",
				"Description": "ExAC allele count in ... population"
			},
			"dbNSFP_ExAC_..._AF": {
				"Type": "String",
				"Description": "ExAC allele frequency in ... population"
			},
			"dbNSFP_FATHMM_pred": {
				"Type": "String",
				"Description": "FATHMM prediction scores"
			},
			"dbNSFP_GERP___NR": {
				"Type": "String",
				"Description": "GERP conservation NR scores"
			},
			"dbNSFP_GERP___RS": {
				"Type": "String",
				"Description": "GERP conservation RS scores"
			},
			"dbNSFP_LRT_pred": {
				"Type": "String",
				"Description": "LRT conservation scores"
			},
			"dbNSFP_MetaSVM_pred": {
				"Type": "String",
				"Description": "dbNSFP scores based on 10 component scores (SIFT, PolyPhen-2 HDIV and HVAR, GERP++, MutationTaster, Mutation Assessor, FATHMM, LRT, SiPhy, PhyloP) and the maximum frequency observed (1000 genomes)"
			},
			"dbNSFP_MutationAssessor_pred": {
				"Type": "String",
				"Description": "MutationAssessor prediction scores"
			},
			"dbNSFP_MutationTaster_pred": {
				"Type": "String",
				"Description": "MutationTaster prediction scores"
			},
			"dbNSFP_PROVEAN_pred": {
				"Type": "String",
				"Description": "Provean prediction scores"
			},
			"dbNSFP_Polyphen2_HDIV_pred": {
				"Type": "String",
				"Description": "PolyPhen-2 HDIV prediction scores"
			},
			"dbNSFP_Polyphen2_HVAR_pred": {
				"Type": "String",
				"Description": "PolyPhen-2 HVAR prediction scores"
			},
			"dbNSFP_SIFT_pred": {
				"Type": "String",
				"Description": "SIFT prediction scores"
			},
			"Mim Number": {
				"Type": "String",
				"Description": "OMIM unique six digit identifier"
			},
			"Phenotypes": {
				"Type": "String",
				"Description": "e.g. Charcot-Marie-Tooth disease"
			},
			"Inheritance": {
				"Type": "String",
				"Description": "e.g. AD (= 'Autosomal dominant'). Detailed in VaRank 1.4.3 FAQ."
			},
			"synZ": {
				"Type": "Float",
				"Description": "Positive synZ (Z score) indicate gene intolerance to synonymous variation"
			},
			"misZ": {
				"Type": "Float",
				"Description": "Positive misZ (Z score) indicate gene intolerance to missense variation"
			},
			"pLI": {
				"Type": "Float",
				"Description": "Score computed in the ExAc database indicating the probability that a gene is intolerant to a loss of function variation  (Nonsense,  splice  acceptor  and  donor  variants  caused  by  SNV).  ExAC  consider  pLI  >=  0.9  as  an extremely LoF intolerant set of genes"
			},
			"HI": {
				"Type": "Float",
				"Description": "ClinGen Haploinsufficiency Score"
			},
			"TS": {
				"Type": "Float",
				"Description": "ClinGen Triplosensitivity Score"
			},
			"HI_percent": {
				"Type": "Float",
				"Description": "Haploinsufficiency ranks"
			},
			"varankVarScore": {
				"Type": "Integer",
				"Description": "VaRank score"
			},
			"OMIM_ID": {
				"Type": "Integer",
				"Description": "OMIM unique six-digit identifier"
			},
			"OMIM_phenotype": {
				"Type": "String",
				"Description": "e.g. Charcot-Marie-Tooth disease"
			},
			"OMIM_inheritance": {
				"Type": "String",
				"Description": "e.g. AD (= 'Autosomal dominant')"
			},
			"OMIM_morbid": {
				"Type": "String",
				"Description": "Set to 'yes' if the gene is an OMIM morbid gene"
			},
			"OMIM_morbid_candidate": {
				"Type": "String",
				"Description": "Set to 'yes' if the gene is an OMIM morbid gene candidate"
			}
		},
		"FORMAT": {
			"GT": {
				"Number": "1",
				"Type": "String",
				"Description": "Genotype"
			},
			"AD": {
				"Number": "1",
				"Type": "String",
				"Description": "Allelic depths for the ref and alt alleles in the order listed"
			},
			"DP": {
				"Number": "1",
				"Type": "Integer",
				"Description": "Approximate read depth (reads with MQ=255 or with bad mates are filtered)"
			},
			"VAF": {
				"Number": "1",
				"Type": "Float",
				"Description": "Variant allele fraction"
			},
			"FindByPipelines": {
				"Number": "1",
				"Type": "String",
				"Description": "How many callers found this variant compared to total callers used"
			},
			"POOL_barcode": {
				"Number": "1",
				"Type": "String",
				"Description": "Barcode from STARK's POOL module"
			},
			"GMC": {
				"Number": "1",
				"Type": "String",
				"Description": "Gene Mutations Count: number of variants occuring in the same gene based on 'genes' column. Computed by variantconvert"
			}
		}
	}
}